[
  {
    "timestamp": "2025-11-22T11:33:11.857290",
    "filename": "screenshot_20251122_113311.jpg",
    "filepath": "logs\\screenshots\\screenshot_20251122_113311.jpg",
    "window": "main.py - Gordinay - Visual Studio Code",
    "resolution": "2560x1440",
    "change_detected": true,
    "capture_area": null
  },
  {
    "timestamp": "2025-11-22T11:33:44.752429",
    "filename": "screenshot_20251122_113344.jpg",
    "filepath": "logs\\screenshots\\screenshot_20251122_113344.jpg",
    "window": "main.py - Gordinay - Visual Studio Code",
    "resolution": "2560x1440",
    "change_detected": true,
    "capture_area": null
  },
  {
    "timestamp": "2025-11-22T11:34:04.079890",
    "filename": "screenshot_20251122_113404.jpg",
    "filepath": "logs\\screenshots\\screenshot_20251122_113404.jpg",
    "window": "C:\\Windows\\system32\\cmd.exe",
    "resolution": "2560x1440",
    "change_detected": true,
    "capture_area": null
  },
  {
    "timestamp": "2025-11-22T13:02:21.583077",
    "filename": "screenshot_20251122_130221.jpg",
    "filepath": "logs\\screenshots\\screenshot_20251122_130221.jpg",
    "window": "C:\\Windows\\system32\\cmd.exe - py  -3.12 src/__app__/server_app/server.py",
    "resolution": "2560x1440",
    "change_detected": true,
    "capture_area": null
  },
  {
    "timestamp": "2025-11-22T13:03:22.038476",
    "filename": "screenshot_20251122_130322.jpg",
    "filepath": "logs\\screenshots\\screenshot_20251122_130322.jpg",
    "window": "C:\\Windows\\system32\\cmd.exe - py  -3.12 src/__app__/server_app/server.py",
    "resolution": "2560x1440",
    "change_detected": true,
    "capture_area": null
  },
  {
    "timestamp": "2025-11-22T13:04:22.601962",
    "filename": "screenshot_20251122_130422.jpg",
    "filepath": "logs\\screenshots\\screenshot_20251122_130422.jpg",
    "window": "● main.py - Gordinay - Visual Studio Code",
    "resolution": "2560x1440",
    "change_detected": true,
    "capture_area": null
  },
  {
    "timestamp": "2025-11-22T13:05:23.048967",
    "filename": "screenshot_20251122_130523.jpg",
    "filepath": "logs\\screenshots\\screenshot_20251122_130523.jpg",
    "window": "server_socket.py - Gordinay - Visual Studio Code",
    "resolution": "2560x1440",
    "change_detected": true,
    "capture_area": null
  },
  {
    "timestamp": "2025-11-22T13:06:23.462464",
    "filename": "screenshot_20251122_130623.jpg",
    "filepath": "logs\\screenshots\\screenshot_20251122_130623.jpg",
    "window": "server_socket.py - Gordinay - Visual Studio Code",
    "resolution": "2560x1440",
    "change_detected": true,
    "capture_area": null
  },
  {
    "timestamp": "2025-11-22T13:07:24.250679",
    "filename": "screenshot_20251122_130724.jpg",
    "filepath": "logs\\screenshots\\screenshot_20251122_130724.jpg",
    "window": "server_socket.py - Gordinay - Visual Studio Code",
    "resolution": "2560x1440",
    "change_detected": true,
    "capture_area": null
  },
  {
    "timestamp": "2025-11-22T13:07:45.839005",
    "filename": "screenshot_20251122_130745.jpg",
    "filepath": "logs\\screenshots\\screenshot_20251122_130745.jpg",
    "window": "C:\\Windows\\system32\\cmd.exe - py  -3.12 src/__app__/server_app/server.py",
    "resolution": "2560x1440",
    "change_detected": true,
    "capture_area": null
  },
  {
    "timestamp": "2025-11-22T13:08:31.534000",
    "filename": "screenshot_20251122_130831.jpg",
    "filepath": "logs\\screenshots\\screenshot_20251122_130831.jpg",
    "window": "C:\\Windows\\system32\\cmd.exe - py  -3.12 src/__app__/server_app/server.py",
    "resolution": "2560x1440",
    "change_detected": true,
    "capture_area": null
  },
  {
    "timestamp": "2025-11-22T13:08:39.976390",
    "filename": "screenshot_20251122_130839.jpg",
    "filepath": "logs\\screenshots\\screenshot_20251122_130839.jpg",
    "window": "C:\\Windows\\system32\\cmd.exe - py  -3.12 src/__app__/server_app/server.py",
    "resolution": "2560x1440",
    "change_detected": true,
    "capture_area": null
  },
  {
    "timestamp": "2025-11-22T13:09:40.579275",
    "filename": "screenshot_20251122_130940.jpg",
    "filepath": "logs\\screenshots\\screenshot_20251122_130940.jpg",
    "window": "C:\\Windows\\system32\\cmd.exe - py  -3.12 src/__app__/server_app/server.py",
    "resolution": "2560x1440",
    "change_detected": true,
    "capture_area": null
  },
  {
    "timestamp": "2025-11-22T13:09:40.906240",
    "filename": "screenshot_20251122_130940.jpg",
    "filepath": "logs\\screenshots\\screenshot_20251122_130940.jpg",
    "window": "C:\\Windows\\system32\\cmd.exe - py  -3.12 src/__app__/server_app/server.py",
    "resolution": "2560x1440",
    "change_detected": true,
    "capture_area": null
  },
  {
    "timestamp": "2025-11-22T13:09:46.913047",
    "filename": "screenshot_20251122_130946.jpg",
    "filepath": "logs\\screenshots\\screenshot_20251122_130946.jpg",
    "window": "C:\\Windows\\system32\\cmd.exe - py  -3.12 src/__app__/server_app/server.py",
    "resolution": "2560x1440",
    "change_detected": true,
    "capture_area": null
  },
  {
    "timestamp": "2025-11-22T20:03:21.548324",
    "filename": "screenshot_20251122_200321.jpg",
    "filepath": "logs\\screenshots\\screenshot_20251122_200321.jpg",
    "window": "C:\\Windows\\system32\\cmd.exe - py  -3.12 src/__app__/server_app/server.py",
    "resolution": "2560x1440",
    "change_detected": true,
    "capture_area": null
  },
  {
    "timestamp": "2025-11-22T20:19:17.591394",
    "filename": "screenshot_20251122_201917.jpg",
    "filepath": "logs\\screenshots\\screenshot_20251122_201917.jpg",
    "window": "C:\\Windows\\system32\\cmd.exe - py  -3.12 src/__app__/server_app/server.py",
    "resolution": "2560x1440",
    "change_detected": true,
    "capture_area": null
  },
  {
    "timestamp": "2025-11-22T20:20:19.304470",
    "filename": "screenshot_20251122_202019.jpg",
    "filepath": "logs\\screenshots\\screenshot_20251122_202019.jpg",
    "window": "Sélection C:\\Windows\\system32\\cmd.exe - py  -3.12 src/__app__/server_app/server.py",
    "resolution": "2560x1440",
    "change_detected": true,
    "capture_area": null
  },
  {
    "timestamp": "2025-11-22T20:21:21.131125",
    "filename": "screenshot_20251122_202121.jpg",
    "filepath": "logs\\screenshots\\screenshot_20251122_202121.jpg",
    "window": "network_info.json - Gordinay - Visual Studio Code",
    "resolution": "2560x1440",
    "change_detected": true,
    "capture_area": null
  },
  {
    "timestamp": "2025-11-22T20:22:22.822798",
    "filename": "screenshot_20251122_202222.jpg",
    "filepath": "logs\\screenshots\\screenshot_20251122_202222.jpg",
    "window": "C:\\Windows\\system32\\cmd.exe - py  -3.12 src/__app__/server_app/server.py",
    "resolution": "2560x1440",
    "change_detected": true,
    "capture_area": null
  },
  {
    "timestamp": "2025-11-22T20:23:24.496988",
    "filename": "screenshot_20251122_202324.jpg",
    "filepath": "logs\\screenshots\\screenshot_20251122_202324.jpg",
    "window": "server_cli.py - Gordinay - Visual Studio Code",
    "resolution": "2560x1440",
    "change_detected": true,
    "capture_area": null
  },
  {
    "timestamp": "2025-11-22T20:24:25.351585",
    "filename": "screenshot_20251122_202425.jpg",
    "filepath": "logs\\screenshots\\screenshot_20251122_202425.jpg",
    "window": "server_cli.py - Gordinay - Visual Studio Code",
    "resolution": "2560x1440",
    "change_detected": true,
    "capture_area": null
  },
  {
    "timestamp": "2025-11-22T20:25:26.567522",
    "filename": "screenshot_20251122_202526.jpg",
    "filepath": "logs\\screenshots\\screenshot_20251122_202526.jpg",
    "window": "C:\\Windows\\system32\\cmd.exe - py  -3.12 src/__app__/server_app/server.py",
    "resolution": "2560x1440",
    "change_detected": true,
    "capture_area": null
  },
  {
    "timestamp": "2025-11-22T20:25:39.819466",
    "filename": "screenshot_20251122_202539.jpg",
    "filepath": "logs\\screenshots\\screenshot_20251122_202539.jpg",
    "window": "C:\\Windows\\system32\\cmd.exe - py  -3.12 src/__app__/server_app/server.py",
    "resolution": "2560x1440",
    "change_detected": true,
    "capture_area": null
  },
  {
    "timestamp": "2025-11-22T20:26:36.507195",
    "filename": "screenshot_20251122_202636.jpg",
    "filepath": "logs\\screenshots\\screenshot_20251122_202636.jpg",
    "window": "C:\\Windows\\system32\\cmd.exe - py  -3.12 src/__app__/server_app/server.py",
    "resolution": "2560x1440",
    "change_detected": true,
    "capture_area": null
  },
  {
    "timestamp": "2025-11-22T20:27:00.907371",
    "filename": "screenshot_20251122_202700.jpg",
    "filepath": "logs\\screenshots\\screenshot_20251122_202700.jpg",
    "window": "C:\\Windows\\system32\\cmd.exe - py  -3.12 src/__app__/server_app/server.py",
    "resolution": "2560x1440",
    "change_detected": true,
    "capture_area": null
  },
  {
    "timestamp": "2025-11-22T20:28:02.604106",
    "filename": "screenshot_20251122_202802.jpg",
    "filepath": "logs\\screenshots\\screenshot_20251122_202802.jpg",
    "window": "coloredFormatter.py - Gordinay - Visual Studio Code",
    "resolution": "2560x1440",
    "change_detected": true,
    "capture_area": null
  },
  {
    "timestamp": "2025-11-22T20:28:14.627022",
    "filename": "screenshot_20251122_202814.jpg",
    "filepath": "logs\\screenshots\\screenshot_20251122_202814.jpg",
    "window": "C:\\Windows\\system32\\cmd.exe - py  -3.12 src/__app__/server_app/server.py",
    "resolution": "2560x1440",
    "change_detected": true,
    "capture_area": null
  },
  {
    "timestamp": "2025-11-22T20:29:14.905068",
    "filename": "screenshot_20251122_202914.jpg",
    "filepath": "logs\\screenshots\\screenshot_20251122_202914.jpg",
    "window": "screenshot_20251122_202814.jpg - Gordinay - Visual Studio Code",
    "resolution": "2560x1440",
    "change_detected": true,
    "capture_area": null
  },
  {
    "timestamp": "2025-11-22T20:30:15.122798",
    "filename": "screenshot_20251122_203015.jpg",
    "filepath": "logs\\screenshots\\screenshot_20251122_203015.jpg",
    "window": "C:\\Windows\\system32\\cmd.exe - py  -3.12 src/__app__/server_app/server.py",
    "resolution": "2560x1440",
    "change_detected": true,
    "capture_area": null
  },
  {
    "timestamp": "2025-11-22T20:31:17.261405",
    "filename": "screenshot_20251122_203117.jpg",
    "filepath": "logs\\screenshots\\screenshot_20251122_203117.jpg",
    "window": "server_cli.py - Gordinay - Visual Studio Code",
    "resolution": "2560x1440",
    "change_detected": true,
    "capture_area": null
  },
  {
    "timestamp": "2025-11-22T20:31:39.548377",
    "filename": "screenshot_20251122_203139.jpg",
    "filepath": "logs\\screenshots\\screenshot_20251122_203139.jpg",
    "window": "C:\\Windows\\system32\\cmd.exe - py  -3.12 src/__app__/server_app/server.py",
    "resolution": "2560x1440",
    "change_detected": true,
    "capture_area": null
  },
  {
    "timestamp": "2025-11-22T20:32:39.955303",
    "filename": "screenshot_20251122_203239.jpg",
    "filepath": "logs\\screenshots\\screenshot_20251122_203239.jpg",
    "window": "server_cli.py - Gordinay - Visual Studio Code",
    "resolution": "2560x1440",
    "change_detected": true,
    "capture_area": null
  },
  {
    "timestamp": "2025-11-22T20:33:41.959036",
    "filename": "screenshot_20251122_203341.jpg",
    "filepath": "logs\\screenshots\\screenshot_20251122_203341.jpg",
    "window": "server_cli.py - Gordinay - Visual Studio Code",
    "resolution": "2560x1440",
    "change_detected": true,
    "capture_area": null
  },
  {
    "timestamp": "2025-11-22T20:34:43.857067",
    "filename": "screenshot_20251122_203443.jpg",
    "filepath": "logs\\screenshots\\screenshot_20251122_203443.jpg",
    "window": "C:\\Windows\\system32\\cmd.exe - py  -3.12 src/__app__/server_app/server.py",
    "resolution": "2560x1440",
    "change_detected": true,
    "capture_area": null
  },
  {
    "timestamp": "2025-11-22T20:35:44.069690",
    "filename": "screenshot_20251122_203544.jpg",
    "filepath": "logs\\screenshots\\screenshot_20251122_203544.jpg",
    "window": "logs_20251122_203439.zip - Gordinay - Visual Studio Code",
    "resolution": "2560x1440",
    "change_detected": true,
    "capture_area": null
  },
  {
    "timestamp": "2025-11-22T20:36:44.097401",
    "filename": "screenshot_20251122_203644.jpg",
    "filepath": "logs\\screenshots\\screenshot_20251122_203644.jpg",
    "window": "keylog.json - Gordinay - Visual Studio Code",
    "resolution": "2560x1440",
    "change_detected": true,
    "capture_area": null
  },
  {
    "timestamp": "2025-11-22T20:37:44.146989",
    "filename": "screenshot_20251122_203744.jpg",
    "filepath": "logs\\screenshots\\screenshot_20251122_203744.jpg",
    "window": "server_cli.py - Gordinay - Visual Studio Code",
    "resolution": "2560x1440",
    "change_detected": true,
    "capture_area": null
  }
]