[
  {
    "timestamp": "2025-11-22T11:33:18.887548",
    "text": "\u0003\u0003",
    "window": "main.py - Gordinay - Visual Studio Code",
    "length": 2
  },
  {
    "timestamp": "2025-11-22T11:34:00.212816",
    "text": "\u0018",
    "window": "main.py - Gordinay - Visual Studio Code",
    "length": 1
  },
  {
    "timestamp": "2025-11-22T13:02:49.975229",
    "text": "list",
    "window": "C:\\Windows\\system32\\cmd.exe - py  -3.12 src/__app__/server_app/server.py",
    "length": 4
  },
  {
    "timestamp": "2025-11-22T13:03:20.632772",
    "text": "list",
    "window": "Sélection C:\\Windows\\system32\\cmd.exe - py  -3.12 src/__app__/server_app/server.py",
    "length": 4
  },
  {
    "timestamp": "2025-11-22T13:04:09.403225",
    "text": "n",
    "window": "termianl.py - Gordinay - Visual Studio Code",
    "length": 1
  },
  {
    "timestamp": "2025-11-22T13:04:23.032854",
    "text": "\u0006\u0006",
    "window": "● main.py - Gordinay - Visual Studio Code",
    "length": 2
  },
  {
    "timestamp": "2025-11-22T13:04:31.123464",
    "text": "\u0003py -.",
    "window": "● main.py - Gordinay - Visual Studio Code",
    "length": 6
  },
  {
    "timestamp": "2025-11-22T13:04:56.286958",
    "text": "\u0003",
    "window": "● main.py - Gordinay - Visual Studio Code",
    "length": 1
  },
  {
    "timestamp": "2025-11-22T13:06:54.120266",
    "text": ", printer=\t\t\tself.print = printer\u0013\u0013\u0013\u0003\u0003",
    "window": "server_socket.py - Gordinay - Visual Studio Code",
    "length": 38
  },
  {
    "timestamp": "2025-11-22T13:07:01.817785",
    "text": "list",
    "window": "server_socket.py - Gordinay - Visual Studio Code",
    "length": 4
  },
  {
    "timestamp": "2025-11-22T13:08:09.850728",
    "text": "list",
    "window": "C:\\Windows\\system32\\cmd.exe - py  -3.12 src/__app__/server_app/server.py",
    "length": 4
  },
  {
    "timestamp": "2025-11-22T13:08:20.362071",
    "text": "\u0003\u0003select",
    "window": "Sélection C:\\Windows\\system32\\cmd.exe - py  -3.12 src/__app__/server_app/server.py",
    "length": 8
  },
  {
    "timestamp": "2025-11-22T13:08:23.157703",
    "text": "help",
    "window": "C:\\Windows\\system32\\cmd.exe - py  -3.12 src/__app__/server_app/server.py",
    "length": 4
  },
  {
    "timestamp": "2025-11-22T13:08:31.534000",
    "text": "screenshot",
    "window": "C:\\Windows\\system32\\cmd.exe - py  -3.12 src/__app__/server_app/server.py",
    "length": 10
  },
  {
    "timestamp": "2025-11-22T13:09:11.087950",
    "text": "comment j'ai fais pour afficher ça ?",
    "window": "Gitignore psycache — Mozilla Firefox",
    "length": 36
  },
  {
    "timestamp": "2025-11-22T13:09:11.885438",
    "text": "\u0016",
    "window": "Gitignore psycache — Mozilla Firefox",
    "length": 1
  },
  {
    "timestamp": "2025-11-22T20:19:52.240382",
    "text": "help",
    "window": "C:\\Windows\\system32\\cmd.exe - py  -3.12 src/__app__/server_app/server.py",
    "length": 4
  },
  {
    "timestamp": "2025-11-22T20:20:40.432123",
    "text": "cls",
    "window": "Sélection C:\\Windows\\system32\\cmd.exe - py  -3.12 src/__app__/server_app/server.py",
    "length": 3
  },
  {
    "timestamp": "2025-11-22T20:20:42.020551",
    "text": "clear",
    "window": "C:\\Windows\\system32\\cmd.exe - py  -3.12 src/__app__/server_app/server.py",
    "length": 5
  },
  {
    "timestamp": "2025-11-22T20:20:44.993392",
    "text": "list",
    "window": "C:\\Windows\\system32\\cmd.exe - py  -3.12 src/__app__/server_app/server.py",
    "length": 4
  },
  {
    "timestamp": "2025-11-22T20:20:52.323196",
    "text": "\u0003",
    "window": "Sélection C:\\Windows\\system32\\cmd.exe - py  -3.12 src/__app__/server_app/server.py",
    "length": 1
  },
  {
    "timestamp": "2025-11-22T20:21:24.373041",
    "text": "blo",
    "window": "Recherche",
    "length": 3
  },
  {
    "timestamp": "2025-11-22T20:21:31.858463",
    "text": "def\u0001",
    "window": "Sans titre - Bloc-notes",
    "length": 4
  },
  {
    "timestamp": "2025-11-22T20:22:24.310049",
    "text": "\u0003select",
    "window": "Sélection C:\\Windows\\system32\\cmd.exe - py  -3.12 src/__app__/server_app/server.py",
    "length": 7
  },
  {
    "timestamp": "2025-11-22T20:22:28.711102",
    "text": "help",
    "window": "Sélection C:\\Windows\\system32\\cmd.exe - py  -3.12 src/__app__/server_app/server.py",
    "length": 4
  },
  {
    "timestamp": "2025-11-22T20:22:30.619366",
    "text": "clear",
    "window": "C:\\Windows\\system32\\cmd.exe - py  -3.12 src/__app__/server_app/server.py",
    "length": 5
  },
  {
    "timestamp": "2025-11-22T20:25:15.617191",
    "text": "\u0003\u0003",
    "window": "server_cli.py - Gordinay - Visual Studio Code",
    "length": 2
  },
  {
    "timestamp": "2025-11-22T20:26:00.329390",
    "text": "list",
    "window": "C:\\Windows\\system32\\cmd.exe - py  -3.12 src/__app__/server_app/server.py",
    "length": 4
  },
  {
    "timestamp": "2025-11-22T20:26:05.882488",
    "text": "\u0003select",
    "window": "Sélection C:\\Windows\\system32\\cmd.exe - py  -3.12 src/__app__/server_app/server.py",
    "length": 7
  },
  {
    "timestamp": "2025-11-22T20:26:50.001632",
    "text": "lsit",
    "window": "Sélection C:\\Windows\\system32\\cmd.exe - py  -3.12 src/__app__/server_app/server.py",
    "length": 4
  },
  {
    "timestamp": "2025-11-22T20:27:08.617378",
    "text": "\u0003select",
    "window": "Sélection C:\\Windows\\system32\\cmd.exe - py  -3.12 src/__app__/server_app/server.py",
    "length": 7
  },
  {
    "timestamp": "2025-11-22T20:28:14.617022",
    "text": "\u0003\u0003",
    "window": "server_cli.py - Gordinay - Visual Studio Code",
    "length": 2
  },
  {
    "timestamp": "2025-11-22T20:28:41.754816",
    "text": "\u0003",
    "window": "server_cli.py - Gordinay - Visual Studio Code",
    "length": 1
  },
  {
    "timestamp": "2025-11-22T20:28:48.255736",
    "text": "\u0003",
    "window": "server_cli.py - Gordinay - Visual Studio Code",
    "length": 1
  },
  {
    "timestamp": "2025-11-22T20:28:58.767712",
    "text": "\u0003",
    "window": "server_cli.py - Gordinay - Visual Studio Code",
    "length": 1
  },
  {
    "timestamp": "2025-11-22T20:29:30.744943",
    "text": "\u0003",
    "window": "server_cli.py - Gordinay - Visual Studio Code",
    "length": 1
  },
  {
    "timestamp": "2025-11-22T20:29:44.851846",
    "text": "\u0003\u0003 start",
    "window": "server_cli.py - Gordinay - Visual Studio Code",
    "length": 8
  },
  {
    "timestamp": "2025-11-22T20:30:02.185517",
    "text": "\u0003",
    "window": "server_cli.py - Gordinay - Visual Studio Code",
    "length": 1
  },
  {
    "timestamp": "2025-11-22T20:30:12.937639",
    "text": "\u0003 start",
    "window": "server_cli.py - Gordinay - Visual Studio Code",
    "length": 7
  },
  {
    "timestamp": "2025-11-22T20:30:41.681277",
    "text": "\u0003 stop",
    "window": "server_cli.py - Gordinay - Visual Studio Code",
    "length": 6
  },
  {
    "timestamp": "2025-11-22T20:30:47.882737",
    "text": "\u0003\u0003 stop",
    "window": "server_cli.py - Gordinay - Visual Studio Code",
    "length": 7
  },
  {
    "timestamp": "2025-11-22T20:30:54.399427",
    "text": "\u0003stream start",
    "window": "server_cli.py - Gordinay - Visual Studio Code",
    "length": 13
  },
  {
    "timestamp": "2025-11-22T20:30:59.466410",
    "text": "stream view",
    "window": "C:\\Windows\\system32\\cmd.exe - py  -3.12 src/__app__/server_app/server.py",
    "length": 11
  },
  {
    "timestamp": "2025-11-22T20:31:09.984248",
    "text": "stream start",
    "window": "Sélection C:\\Windows\\system32\\cmd.exe - py  -3.12 src/__app__/server_app/server.py",
    "length": 12
  },
  {
    "timestamp": "2025-11-22T20:31:46.727973",
    "text": "\u0003select",
    "window": "Sélection C:\\Windows\\system32\\cmd.exe - py  -3.12 src/__app__/server_app/server.py",
    "length": 7
  },
  {
    "timestamp": "2025-11-22T20:31:52.680423",
    "text": "stream start",
    "window": "C:\\Windows\\system32\\cmd.exe - py  -3.12 src/__app__/server_app/server.py",
    "length": 12
  },
  {
    "timestamp": "2025-11-22T20:32:02.550092",
    "text": "stream",
    "window": "C:\\Windows\\system32\\cmd.exe - py  -3.12 src/__app__/server_app/server.py",
    "length": 6
  },
  {
    "timestamp": "2025-11-22T20:32:06.384256",
    "text": "stream view",
    "window": "C:\\Windows\\system32\\cmd.exe - py  -3.12 src/__app__/server_app/server.py",
    "length": 11
  },
  {
    "timestamp": "2025-11-22T20:32:59.601016",
    "text": "ping",
    "window": "C:\\Windows\\system32\\cmd.exe - py  -3.12 src/__app__/server_app/server.py",
    "length": 4
  },
  {
    "timestamp": "2025-11-22T20:34:14.123815",
    "text": "\u0003download",
    "window": "server_cli.py - Gordinay - Visual Studio Code",
    "length": 9
  },
  {
    "timestamp": "2025-11-22T20:34:26.615995",
    "text": "\u0003",
    "window": "Gordinay",
    "length": 1
  }
]