[
  {
    "timestamp": "2025-11-22T20:30:02.172521",
    "filename": "snapshot_20251122_203002.jpg",
    "filepath": "logs\\snapshots\\snapshot_20251122_203002.jpg",
    "window": "C:\\Windows\\system32\\cmd.exe - py  -3.12 src/__app__/server_app/server.py",
    "camera_index": 0,
    "motion_detected": false
  },
  {
    "timestamp": "2025-11-22T20:30:02.233262",
    "filename": "snapshot_20251122_203002.jpg",
    "filepath": "logs\\snapshots\\snapshot_20251122_203002.jpg",
    "window": "C:\\Windows\\system32\\cmd.exe - py  -3.12 src/__app__/server_app/server.py",
    "camera_index": 0,
    "motion_detected": false
  }
]