[
  {
    "timestamp": "2025-11-22T11:33:11.857290",
    "filename": "screenshot_20251122_113311.jpg",
    "filepath": "logs\\screenshots\\screenshot_20251122_113311.jpg",
    "window": "main.py - Gordinay - Visual Studio Code",
    "resolution": "2560x1440",
    "change_detected": true,
    "capture_area": null
  },
  {
    "timestamp": "2025-11-22T11:33:44.752429",
    "filename": "screenshot_20251122_113344.jpg",
    "filepath": "logs\\screenshots\\screenshot_20251122_113344.jpg",
    "window": "main.py - Gordinay - Visual Studio Code",
    "resolution": "2560x1440",
    "change_detected": true,
    "capture_area": null
  },
  {
    "timestamp": "2025-11-22T11:34:04.079890",
    "filename": "screenshot_20251122_113404.jpg",
    "filepath": "logs\\screenshots\\screenshot_20251122_113404.jpg",
    "window": "C:\\Windows\\system32\\cmd.exe",
    "resolution": "2560x1440",
    "change_detected": true,
    "capture_area": null
  },
  {
    "timestamp": "2025-11-22T13:02:21.583077",
    "filename": "screenshot_20251122_130221.jpg",
    "filepath": "logs\\screenshots\\screenshot_20251122_130221.jpg",
    "window": "C:\\Windows\\system32\\cmd.exe - py  -3.12 src/__app__/server_app/server.py",
    "resolution": "2560x1440",
    "change_detected": true,
    "capture_area": null
  },
  {
    "timestamp": "2025-11-22T13:03:22.038476",
    "filename": "screenshot_20251122_130322.jpg",
    "filepath": "logs\\screenshots\\screenshot_20251122_130322.jpg",
    "window": "C:\\Windows\\system32\\cmd.exe - py  -3.12 src/__app__/server_app/server.py",
    "resolution": "2560x1440",
    "change_detected": true,
    "capture_area": null
  },
  {
    "timestamp": "2025-11-22T13:04:22.601962",
    "filename": "screenshot_20251122_130422.jpg",
    "filepath": "logs\\screenshots\\screenshot_20251122_130422.jpg",
    "window": "● main.py - Gordinay - Visual Studio Code",
    "resolution": "2560x1440",
    "change_detected": true,
    "capture_area": null
  },
  {
    "timestamp": "2025-11-22T13:05:23.048967",
    "filename": "screenshot_20251122_130523.jpg",
    "filepath": "logs\\screenshots\\screenshot_20251122_130523.jpg",
    "window": "server_socket.py - Gordinay - Visual Studio Code",
    "resolution": "2560x1440",
    "change_detected": true,
    "capture_area": null
  },
  {
    "timestamp": "2025-11-22T13:06:23.462464",
    "filename": "screenshot_20251122_130623.jpg",
    "filepath": "logs\\screenshots\\screenshot_20251122_130623.jpg",
    "window": "server_socket.py - Gordinay - Visual Studio Code",
    "resolution": "2560x1440",
    "change_detected": true,
    "capture_area": null
  },
  {
    "timestamp": "2025-11-22T13:07:24.250679",
    "filename": "screenshot_20251122_130724.jpg",
    "filepath": "logs\\screenshots\\screenshot_20251122_130724.jpg",
    "window": "server_socket.py - Gordinay - Visual Studio Code",
    "resolution": "2560x1440",
    "change_detected": true,
    "capture_area": null
  },
  {
    "timestamp": "2025-11-22T13:07:45.839005",
    "filename": "screenshot_20251122_130745.jpg",
    "filepath": "logs\\screenshots\\screenshot_20251122_130745.jpg",
    "window": "C:\\Windows\\system32\\cmd.exe - py  -3.12 src/__app__/server_app/server.py",
    "resolution": "2560x1440",
    "change_detected": true,
    "capture_area": null
  },
  {
    "timestamp": "2025-11-22T13:08:31.534000",
    "filename": "screenshot_20251122_130831.jpg",
    "filepath": "logs\\screenshots\\screenshot_20251122_130831.jpg",
    "window": "C:\\Windows\\system32\\cmd.exe - py  -3.12 src/__app__/server_app/server.py",
    "resolution": "2560x1440",
    "change_detected": true,
    "capture_area": null
  },
  {
    "timestamp": "2025-11-22T13:08:39.976390",
    "filename": "screenshot_20251122_130839.jpg",
    "filepath": "logs\\screenshots\\screenshot_20251122_130839.jpg",
    "window": "C:\\Windows\\system32\\cmd.exe - py  -3.12 src/__app__/server_app/server.py",
    "resolution": "2560x1440",
    "change_detected": true,
    "capture_area": null
  },
  {
    "timestamp": "2025-11-22T13:09:40.579275",
    "filename": "screenshot_20251122_130940.jpg",
    "filepath": "logs\\screenshots\\screenshot_20251122_130940.jpg",
    "window": "C:\\Windows\\system32\\cmd.exe - py  -3.12 src/__app__/server_app/server.py",
    "resolution": "2560x1440",
    "change_detected": true,
    "capture_area": null
  },
  {
    "timestamp": "2025-11-22T13:09:40.906240",
    "filename": "screenshot_20251122_130940.jpg",
    "filepath": "logs\\screenshots\\screenshot_20251122_130940.jpg",
    "window": "C:\\Windows\\system32\\cmd.exe - py  -3.12 src/__app__/server_app/server.py",
    "resolution": "2560x1440",
    "change_detected": true,
    "capture_area": null
  },
  {
    "timestamp": "2025-11-22T13:09:46.913047",
    "filename": "screenshot_20251122_130946.jpg",
    "filepath": "logs\\screenshots\\screenshot_20251122_130946.jpg",
    "window": "C:\\Windows\\system32\\cmd.exe - py  -3.12 src/__app__/server_app/server.py",
    "resolution": "2560x1440",
    "change_detected": true,
    "capture_area": null
  },
  {
    "timestamp": "2025-11-22T20:03:21.548324",
    "filename": "screenshot_20251122_200321.jpg",
    "filepath": "logs\\screenshots\\screenshot_20251122_200321.jpg",
    "window": "C:\\Windows\\system32\\cmd.exe - py  -3.12 src/__app__/server_app/server.py",
    "resolution": "2560x1440",
    "change_detected": true,
    "capture_area": null
  },
  {
    "timestamp": "2025-11-22T20:19:17.591394",
    "filename": "screenshot_20251122_201917.jpg",
    "filepath": "logs\\screenshots\\screenshot_20251122_201917.jpg",
    "window": "C:\\Windows\\system32\\cmd.exe - py  -3.12 src/__app__/server_app/server.py",
    "resolution": "2560x1440",
    "change_detected": true,
    "capture_area": null
  },
  {
    "timestamp": "2025-11-22T20:20:19.304470",
    "filename": "screenshot_20251122_202019.jpg",
    "filepath": "logs\\screenshots\\screenshot_20251122_202019.jpg",
    "window": "Sélection C:\\Windows\\system32\\cmd.exe - py  -3.12 src/__app__/server_app/server.py",
    "resolution": "2560x1440",
    "change_detected": true,
    "capture_area": null
  },
  {
    "timestamp": "2025-11-22T20:21:21.131125",
    "filename": "screenshot_20251122_202121.jpg",
    "filepath": "logs\\screenshots\\screenshot_20251122_202121.jpg",
    "window": "network_info.json - Gordinay - Visual Studio Code",
    "resolution": "2560x1440",
    "change_detected": true,
    "capture_area": null
  },
  {
    "timestamp": "2025-11-22T20:22:22.822798",
    "filename": "screenshot_20251122_202222.jpg",
    "filepath": "logs\\screenshots\\screenshot_20251122_202222.jpg",
    "window": "C:\\Windows\\system32\\cmd.exe - py  -3.12 src/__app__/server_app/server.py",
    "resolution": "2560x1440",
    "change_detected": true,
    "capture_area": null
  },
  {
    "timestamp": "2025-11-22T20:23:24.496988",
    "filename": "screenshot_20251122_202324.jpg",
    "filepath": "logs\\screenshots\\screenshot_20251122_202324.jpg",
    "window": "server_cli.py - Gordinay - Visual Studio Code",
    "resolution": "2560x1440",
    "change_detected": true,
    "capture_area": null
  },
  {
    "timestamp": "2025-11-22T20:24:25.351585",
    "filename": "screenshot_20251122_202425.jpg",
    "filepath": "logs\\screenshots\\screenshot_20251122_202425.jpg",
    "window": "server_cli.py - Gordinay - Visual Studio Code",
    "resolution": "2560x1440",
    "change_detected": true,
    "capture_area": null
  },
  {
    "timestamp": "2025-11-22T20:25:26.567522",
    "filename": "screenshot_20251122_202526.jpg",
    "filepath": "logs\\screenshots\\screenshot_20251122_202526.jpg",
    "window": "C:\\Windows\\system32\\cmd.exe - py  -3.12 src/__app__/server_app/server.py",
    "resolution": "2560x1440",
    "change_detected": true,
    "capture_area": null
  },
  {
    "timestamp": "2025-11-22T20:25:39.819466",
    "filename": "screenshot_20251122_202539.jpg",
    "filepath": "logs\\screenshots\\screenshot_20251122_202539.jpg",
    "window": "C:\\Windows\\system32\\cmd.exe - py  -3.12 src/__app__/server_app/server.py",
    "resolution": "2560x1440",
    "change_detected": true,
    "capture_area": null
  },
  {
    "timestamp": "2025-11-22T20:26:36.507195",
    "filename": "screenshot_20251122_202636.jpg",
    "filepath": "logs\\screenshots\\screenshot_20251122_202636.jpg",
    "window": "C:\\Windows\\system32\\cmd.exe - py  -3.12 src/__app__/server_app/server.py",
    "resolution": "2560x1440",
    "change_detected": true,
    "capture_area": null
  },
  {
    "timestamp": "2025-11-22T20:27:00.907371",
    "filename": "screenshot_20251122_202700.jpg",
    "filepath": "logs\\screenshots\\screenshot_20251122_202700.jpg",
    "window": "C:\\Windows\\system32\\cmd.exe - py  -3.12 src/__app__/server_app/server.py",
    "resolution": "2560x1440",
    "change_detected": true,
    "capture_area": null
  },
  {
    "timestamp": "2025-11-22T20:28:02.604106",
    "filename": "screenshot_20251122_202802.jpg",
    "filepath": "logs\\screenshots\\screenshot_20251122_202802.jpg",
    "window": "coloredFormatter.py - Gordinay - Visual Studio Code",
    "resolution": "2560x1440",
    "change_detected": true,
    "capture_area": null
  },
  {
    "timestamp": "2025-11-22T20:28:14.627022",
    "filename": "screenshot_20251122_202814.jpg",
    "filepath": "logs\\screenshots\\screenshot_20251122_202814.jpg",
    "window": "C:\\Windows\\system32\\cmd.exe - py  -3.12 src/__app__/server_app/server.py",
    "resolution": "2560x1440",
    "change_detected": true,
    "capture_area": null
  },
  {
    "timestamp": "2025-11-22T20:29:14.905068",
    "filename": "screenshot_20251122_202914.jpg",
    "filepath": "logs\\screenshots\\screenshot_20251122_202914.jpg",
    "window": "screenshot_20251122_202814.jpg - Gordinay - Visual Studio Code",
    "resolution": "2560x1440",
    "change_detected": true,
    "capture_area": null
  },
  {
    "timestamp": "2025-11-22T20:30:15.122798",
    "filename": "screenshot_20251122_203015.jpg",
    "filepath": "logs\\screenshots\\screenshot_20251122_203015.jpg",
    "window": "C:\\Windows\\system32\\cmd.exe - py  -3.12 src/__app__/server_app/server.py",
    "resolution": "2560x1440",
    "change_detected": true,
    "capture_area": null
  },
  {
    "timestamp": "2025-11-22T20:31:17.261405",
    "filename": "screenshot_20251122_203117.jpg",
    "filepath": "logs\\screenshots\\screenshot_20251122_203117.jpg",
    "window": "server_cli.py - Gordinay - Visual Studio Code",
    "resolution": "2560x1440",
    "change_detected": true,
    "capture_area": null
  },
  {
    "timestamp": "2025-11-22T20:31:39.548377",
    "filename": "screenshot_20251122_203139.jpg",
    "filepath": "logs\\screenshots\\screenshot_20251122_203139.jpg",
    "window": "C:\\Windows\\system32\\cmd.exe - py  -3.12 src/__app__/server_app/server.py",
    "resolution": "2560x1440",
    "change_detected": true,
    "capture_area": null
  },
  {
    "timestamp": "2025-11-22T20:32:39.955303",
    "filename": "screenshot_20251122_203239.jpg",
    "filepath": "logs\\screenshots\\screenshot_20251122_203239.jpg",
    "window": "server_cli.py - Gordinay - Visual Studio Code",
    "resolution": "2560x1440",
    "change_detected": true,
    "capture_area": null
  },
  {
    "timestamp": "2025-11-22T20:33:41.959036",
    "filename": "screenshot_20251122_203341.jpg",
    "filepath": "logs\\screenshots\\screenshot_20251122_203341.jpg",
    "window": "server_cli.py - Gordinay - Visual Studio Code",
    "resolution": "2560x1440",
    "change_detected": true,
    "capture_area": null
  },
  {
    "timestamp": "2025-11-22T20:34:43.857067",
    "filename": "screenshot_20251122_203443.jpg",
    "filepath": "logs\\screenshots\\screenshot_20251122_203443.jpg",
    "window": "C:\\Windows\\system32\\cmd.exe - py  -3.12 src/__app__/server_app/server.py",
    "resolution": "2560x1440",
    "change_detected": true,
    "capture_area": null
  },
  {
    "timestamp": "2025-11-22T20:35:44.069690",
    "filename": "screenshot_20251122_203544.jpg",
    "filepath": "logs\\screenshots\\screenshot_20251122_203544.jpg",
    "window": "logs_20251122_203439.zip - Gordinay - Visual Studio Code",
    "resolution": "2560x1440",
    "change_detected": true,
    "capture_area": null
  },
  {
    "timestamp": "2025-11-22T20:36:44.097401",
    "filename": "screenshot_20251122_203644.jpg",
    "filepath": "logs\\screenshots\\screenshot_20251122_203644.jpg",
    "window": "keylog.json - Gordinay - Visual Studio Code",
    "resolution": "2560x1440",
    "change_detected": true,
    "capture_area": null
  },
  {
    "timestamp": "2025-11-22T20:37:44.146989",
    "filename": "screenshot_20251122_203744.jpg",
    "filepath": "logs\\screenshots\\screenshot_20251122_203744.jpg",
    "window": "server_cli.py - Gordinay - Visual Studio Code",
    "resolution": "2560x1440",
    "change_detected": true,
    "capture_area": null
  },
  {
    "timestamp": "2025-12-11T21:54:28.808690",
    "filename": "screenshot_20251211_215428.jpg",
    "filepath": "logs\\screenshots\\screenshot_20251211_215428.jpg",
    "window": "C:\\Windows\\system32\\cmd.exe - py  -3.12 src/__app__/server_app/server.py",
    "resolution": "2560x1440",
    "change_detected": true,
    "capture_area": null
  },
  {
    "timestamp": "2025-12-11T21:57:51.736392",
    "filename": "screenshot_20251211_215751.jpg",
    "filepath": "logs\\screenshots\\screenshot_20251211_215751.jpg",
    "window": "C:\\Windows\\system32\\cmd.exe - py  -3.12 src/__app__/server_app/server.py",
    "resolution": "2560x1440",
    "change_detected": true,
    "capture_area": null
  },
  {
    "timestamp": "2025-12-11T21:58:52.701007",
    "filename": "screenshot_20251211_215852.jpg",
    "filepath": "logs\\screenshots\\screenshot_20251211_215852.jpg",
    "window": "log.py - Gordinay - Visual Studio Code",
    "resolution": "2560x1440",
    "change_detected": true,
    "capture_area": null
  },
  {
    "timestamp": "2025-12-11T21:59:38.364237",
    "filename": "screenshot_20251211_215938.jpg",
    "filepath": "logs\\screenshots\\screenshot_20251211_215938.jpg",
    "window": "C:\\Windows\\system32\\cmd.exe - py  -3.12 src/__app__/server_app/server.py",
    "resolution": "2560x1440",
    "change_detected": true,
    "capture_area": null
  },
  {
    "timestamp": "2025-12-11T22:00:39.648917",
    "filename": "screenshot_20251211_220039.jpg",
    "filepath": "logs\\screenshots\\screenshot_20251211_220039.jpg",
    "window": "Sans titre - Paint",
    "resolution": "2560x1440",
    "change_detected": true,
    "capture_area": null
  },
  {
    "timestamp": "2025-12-11T22:01:41.104594",
    "filename": "screenshot_20251211_220141.jpg",
    "filepath": "logs\\screenshots\\screenshot_20251211_220141.jpg",
    "window": "Sans titre - Paint",
    "resolution": "2560x1440",
    "change_detected": true,
    "capture_area": null
  },
  {
    "timestamp": "2025-12-11T22:02:56.946553",
    "filename": "screenshot_20251211_220256.jpg",
    "filepath": "logs\\screenshots\\screenshot_20251211_220256.jpg",
    "window": "C:\\Windows\\system32\\cmd.exe - py  -3.12 src/__app__/server_app/server.py",
    "resolution": "2560x1440",
    "change_detected": true,
    "capture_area": null
  },
  {
    "timestamp": "2025-12-11T22:03:58.212012",
    "filename": "screenshot_20251211_220358.jpg",
    "filepath": "logs\\screenshots\\screenshot_20251211_220358.jpg",
    "window": "main.py - Gordinay - Visual Studio Code",
    "resolution": "2560x1440",
    "change_detected": true,
    "capture_area": null
  },
  {
    "timestamp": "2025-12-11T22:04:59.662570",
    "filename": "screenshot_20251211_220459.jpg",
    "filepath": "logs\\screenshots\\screenshot_20251211_220459.jpg",
    "window": ".env - Gordinay - Visual Studio Code",
    "resolution": "2560x1440",
    "change_detected": true,
    "capture_area": null
  },
  {
    "timestamp": "2025-12-11T22:06:00.886851",
    "filename": "screenshot_20251211_220600.jpg",
    "filepath": "logs\\screenshots\\screenshot_20251211_220600.jpg",
    "window": "main.py - Gordinay - Visual Studio Code",
    "resolution": "2560x1440",
    "change_detected": true,
    "capture_area": null
  },
  {
    "timestamp": "2025-12-11T22:07:01.983650",
    "filename": "screenshot_20251211_220701.jpg",
    "filepath": "logs\\screenshots\\screenshot_20251211_220701.jpg",
    "window": "C:\\Windows\\system32\\cmd.exe - py  -3.12 src/__app__/server_app/server.py",
    "resolution": "2560x1440",
    "change_detected": true,
    "capture_area": null
  },
  {
    "timestamp": "2025-12-11T22:08:02.678289",
    "filename": "screenshot_20251211_220802.jpg",
    "filepath": "logs\\screenshots\\screenshot_20251211_220802.jpg",
    "window": "Sélection C:\\Windows\\system32\\cmd.exe - py  -3.12 src/__app__/server_app/server.py",
    "resolution": "2560x1440",
    "change_detected": true,
    "capture_area": null
  },
  {
    "timestamp": "2025-12-11T22:09:03.328115",
    "filename": "screenshot_20251211_220903.jpg",
    "filepath": "logs\\screenshots\\screenshot_20251211_220903.jpg",
    "window": "Sélection C:\\Windows\\system32\\cmd.exe - py  -3.12 src/__app__/server_app/server.py",
    "resolution": "2560x1440",
    "change_detected": true,
    "capture_area": null
  },
  {
    "timestamp": "2025-12-11T22:10:04.172378",
    "filename": "screenshot_20251211_221004.jpg",
    "filepath": "logs\\screenshots\\screenshot_20251211_221004.jpg",
    "window": "screenshot_20251211_220903.jpg - Gordinay - Visual Studio Code",
    "resolution": "2560x1440",
    "change_detected": true,
    "capture_area": null
  },
  {
    "timestamp": "2025-12-11T22:11:05.368659",
    "filename": "screenshot_20251211_221105.jpg",
    "filepath": "logs\\screenshots\\screenshot_20251211_221105.jpg",
    "window": "network_info.json - Gordinay - Visual Studio Code",
    "resolution": "2560x1440",
    "change_detected": true,
    "capture_area": null
  },
  {
    "timestamp": "2025-12-11T22:12:06.482250",
    "filename": "screenshot_20251211_221206.jpg",
    "filepath": "logs\\screenshots\\screenshot_20251211_221206.jpg",
    "window": "C:\\Windows\\system32\\cmd.exe - py  -3.12 src/__app__/server_app/server.py",
    "resolution": "2560x1440",
    "change_detected": true,
    "capture_area": null
  },
  {
    "timestamp": "2025-12-11T22:13:07.324884",
    "filename": "screenshot_20251211_221307.jpg",
    "filepath": "logs\\screenshots\\screenshot_20251211_221307.jpg",
    "window": "C:\\Windows\\system32\\cmd.exe - py  -3.12 src/__app__/server_app/server.py",
    "resolution": "2560x1440",
    "change_detected": true,
    "capture_area": null
  },
  {
    "timestamp": "2025-12-11T22:14:08.096097",
    "filename": "screenshot_20251211_221408.jpg",
    "filepath": "logs\\screenshots\\screenshot_20251211_221408.jpg",
    "window": "Analyseur de trafic réseau avec détection d'attaques - Claude — Mozilla Firefox",
    "resolution": "2560x1440",
    "change_detected": true,
    "capture_area": null
  },
  {
    "timestamp": "2025-12-11T22:15:09.223079",
    "filename": "screenshot_20251211_221509.jpg",
    "filepath": "logs\\screenshots\\screenshot_20251211_221509.jpg",
    "window": "C:\\Windows\\system32\\cmd.exe - py  -3.12 src/__app__/server_app/server.py",
    "resolution": "2560x1440",
    "change_detected": true,
    "capture_area": null
  },
  {
    "timestamp": "2025-12-11T22:16:10.170240",
    "filename": "screenshot_20251211_221610.jpg",
    "filepath": "logs\\screenshots\\screenshot_20251211_221610.jpg",
    "window": "C:\\Windows\\system32\\cmd.exe - py  -3.12 src/__app__/server_app/server.py",
    "resolution": "2560x1440",
    "change_detected": true,
    "capture_area": null
  },
  {
    "timestamp": "2025-12-11T22:17:11.225025",
    "filename": "screenshot_20251211_221711.jpg",
    "filepath": "logs\\screenshots\\screenshot_20251211_221711.jpg",
    "window": "C:\\Windows\\system32\\cmd.exe - py  -3.12 src/__app__/server_app/server.py",
    "resolution": "2560x1440",
    "change_detected": true,
    "capture_area": null
  },
  {
    "timestamp": "2025-12-11T22:18:12.403905",
    "filename": "screenshot_20251211_221812.jpg",
    "filepath": "logs\\screenshots\\screenshot_20251211_221812.jpg",
    "window": "C:\\Windows\\system32\\cmd.exe - py  -3.12 src/__app__/server_app/server.py",
    "resolution": "2560x1440",
    "change_detected": true,
    "capture_area": null
  },
  {
    "timestamp": "2025-12-11T22:19:13.754948",
    "filename": "screenshot_20251211_221913.jpg",
    "filepath": "logs\\screenshots\\screenshot_20251211_221913.jpg",
    "window": "C:\\Windows\\system32\\cmd.exe - py  -3.12 src/__app__/server_app/server.py",
    "resolution": "2560x1440",
    "change_detected": true,
    "capture_area": null
  },
  {
    "timestamp": "2025-12-11T22:20:15.777593",
    "filename": "screenshot_20251211_222015.jpg",
    "filepath": "logs\\screenshots\\screenshot_20251211_222015.jpg",
    "window": "main.py - Gordinay - Visual Studio Code",
    "resolution": "2560x1440",
    "change_detected": true,
    "capture_area": null
  },
  {
    "timestamp": "2025-12-11T22:21:17.737462",
    "filename": "screenshot_20251211_222117.jpg",
    "filepath": "logs\\screenshots\\screenshot_20251211_222117.jpg",
    "window": "● main.py - Gordinay - Visual Studio Code",
    "resolution": "2560x1440",
    "change_detected": true,
    "capture_area": null
  },
  {
    "timestamp": "2025-12-11T22:22:19.278330",
    "filename": "screenshot_20251211_222219.jpg",
    "filepath": "logs\\screenshots\\screenshot_20251211_222219.jpg",
    "window": "Analyseur de trafic réseau avec détection d'attaques - Claude — Mozilla Firefox",
    "resolution": "2560x1440",
    "change_detected": true,
    "capture_area": null
  },
  {
    "timestamp": "2025-12-11T22:23:20.266773",
    "filename": "screenshot_20251211_222320.jpg",
    "filepath": "logs\\screenshots\\screenshot_20251211_222320.jpg",
    "window": "Analyseur de trafic réseau avec détection d'attaques - Claude — Mozilla Firefox",
    "resolution": "2560x1440",
    "change_detected": true,
    "capture_area": null
  },
  {
    "timestamp": "2025-12-11T22:24:12.961661",
    "filename": "screenshot_20251211_222412.jpg",
    "filepath": "logs\\screenshots\\screenshot_20251211_222412.jpg",
    "window": "C:\\Windows\\system32\\cmd.exe - py  -3.12 src/__app__/server_app/server.py",
    "resolution": "2560x1440",
    "change_detected": true,
    "capture_area": null
  },
  {
    "timestamp": "2025-12-11T22:24:43.602797",
    "filename": "screenshot_20251211_222443.jpg",
    "filepath": "logs\\screenshots\\screenshot_20251211_222443.jpg",
    "window": "main.py - Gordinay - Visual Studio Code",
    "resolution": "2560x1440",
    "change_detected": true,
    "capture_area": null
  },
  {
    "timestamp": "2025-12-11T22:25:45.643741",
    "filename": "screenshot_20251211_222545.jpg",
    "filepath": "logs\\screenshots\\screenshot_20251211_222545.jpg",
    "window": "C:\\Windows\\system32\\cmd.exe - py  -3.12 src/__app__/server_app/server.py",
    "resolution": "2560x1440",
    "change_detected": true,
    "capture_area": null
  },
  {
    "timestamp": "2025-12-11T22:26:03.580036",
    "filename": "screenshot_20251211_222603.jpg",
    "filepath": "logs\\screenshots\\screenshot_20251211_222603.jpg",
    "window": "Liste de raccourcis pour Paint",
    "resolution": "2560x1440",
    "change_detected": true,
    "capture_area": null
  },
  {
    "timestamp": "2025-12-11T22:27:05.251398",
    "filename": "screenshot_20251211_222705.jpg",
    "filepath": "logs\\screenshots\\screenshot_20251211_222705.jpg",
    "window": "Sélection C:\\Windows\\system32\\cmd.exe - py  -3.12 src/__app__/server_app/server.py",
    "resolution": "2560x1440",
    "change_detected": true,
    "capture_area": null
  },
  {
    "timestamp": "2025-12-11T22:28:06.853493",
    "filename": "screenshot_20251211_222806.jpg",
    "filepath": "logs\\screenshots\\screenshot_20251211_222806.jpg",
    "window": "Sélection C:\\Windows\\system32\\cmd.exe - py  -3.12 src/__app__/server_app/server.py",
    "resolution": "2560x1440",
    "change_detected": true,
    "capture_area": null
  },
  {
    "timestamp": "2025-12-11T22:28:35.296975",
    "filename": "screenshot_20251211_222835.jpg",
    "filepath": "logs\\screenshots\\screenshot_20251211_222835.jpg",
    "window": "C:\\Windows\\system32\\cmd.exe - py  -3.12 src/__app__/server_app/server.py",
    "resolution": "2560x1440",
    "change_detected": true,
    "capture_area": null
  },
  {
    "timestamp": "2025-12-11T22:29:36.773631",
    "filename": "screenshot_20251211_222936.jpg",
    "filepath": "logs\\screenshots\\screenshot_20251211_222936.jpg",
    "window": "Sélection C:\\Windows\\system32\\cmd.exe - py  -3.12 src/__app__/server_app/server.py",
    "resolution": "2560x1440",
    "change_detected": true,
    "capture_area": null
  },
  {
    "timestamp": "2025-12-11T22:30:38.631077",
    "filename": "screenshot_20251211_223038.jpg",
    "filepath": "logs\\screenshots\\screenshot_20251211_223038.jpg",
    "window": "C:\\Windows\\system32\\cmd.exe - py  -3.12 src/__app__/server_app/server.py",
    "resolution": "2560x1440",
    "change_detected": true,
    "capture_area": null
  },
  {
    "timestamp": "2025-12-11T22:31:00.064104",
    "filename": "screenshot_20251211_223100.jpg",
    "filepath": "logs\\screenshots\\screenshot_20251211_223100.jpg",
    "window": "C:\\Windows\\system32\\cmd.exe - py  -3.12 src/__app__/server_app/server.py",
    "resolution": "2560x1440",
    "change_detected": true,
    "capture_area": null
  },
  {
    "timestamp": "2025-12-11T22:32:01.571566",
    "filename": "screenshot_20251211_223201.jpg",
    "filepath": "logs\\screenshots\\screenshot_20251211_223201.jpg",
    "window": "C:\\Windows\\system32\\cmd.exe - py  -3.12 src/__app__/server_app/server.py",
    "resolution": "2560x1440",
    "change_detected": true,
    "capture_area": null
  },
  {
    "timestamp": "2025-12-11T22:33:02.944353",
    "filename": "screenshot_20251211_223302.jpg",
    "filepath": "logs\\screenshots\\screenshot_20251211_223302.jpg",
    "window": "C:\\Windows\\system32\\cmd.exe - py  -3.12 src/__app__/server_app/server.py",
    "resolution": "2560x1440",
    "change_detected": true,
    "capture_area": null
  },
  {
    "timestamp": "2025-12-11T22:34:04.691215",
    "filename": "screenshot_20251211_223404.jpg",
    "filepath": "logs\\screenshots\\screenshot_20251211_223404.jpg",
    "window": "C:\\Users\\nagib\\Desktop\\Files\\GitRepo\\Gordinay\\data\\clients\\2c38b652\\logs_20251211_223342.zip\\",
    "resolution": "2560x1440",
    "change_detected": true,
    "capture_area": null
  }
]