[
  {
    "timestamp": "2025-11-22T20:30:02.172521",
    "filename": "snapshot_20251122_203002.jpg",
    "filepath": "logs\\snapshots\\snapshot_20251122_203002.jpg",
    "window": "C:\\Windows\\system32\\cmd.exe - py  -3.12 src/__app__/server_app/server.py",
    "camera_index": 0,
    "motion_detected": false
  },
  {
    "timestamp": "2025-11-22T20:30:02.233262",
    "filename": "snapshot_20251122_203002.jpg",
    "filepath": "logs\\snapshots\\snapshot_20251122_203002.jpg",
    "window": "C:\\Windows\\system32\\cmd.exe - py  -3.12 src/__app__/server_app/server.py",
    "camera_index": 0,
    "motion_detected": false
  },
  {
    "timestamp": "2025-12-11T22:29:25.860844",
    "filename": "snapshot_20251211_222925.jpg",
    "filepath": "logs\\snapshots\\snapshot_20251211_222925.jpg",
    "window": "C:\\Windows\\system32\\cmd.exe - py  -3.12 src/__app__/server_app/server.py",
    "camera_index": 0,
    "motion_detected": false
  },
  {
    "timestamp": "2025-12-11T22:29:26.204708",
    "filename": "snapshot_20251211_222926.jpg",
    "filepath": "logs\\snapshots\\snapshot_20251211_222926.jpg",
    "window": "C:\\Windows\\system32\\cmd.exe - py  -3.12 src/__app__/server_app/server.py",
    "camera_index": 0,
    "motion_detected": false
  },
  {
    "timestamp": "2025-12-11T22:29:29.408658",
    "filename": "snapshot_20251211_222929.jpg",
    "filepath": "logs\\snapshots\\snapshot_20251211_222929.jpg",
    "window": "C:\\Windows\\system32\\cmd.exe - py  -3.12 src/__app__/server_app/server.py",
    "camera_index": 0,
    "motion_detected": false
  },
  {
    "timestamp": "2025-12-11T22:30:25.885564",
    "filename": "snapshot_20251211_223025.jpg",
    "filepath": "logs\\snapshots\\snapshot_20251211_223025.jpg",
    "window": "C:\\Windows\\system32\\cmd.exe - py  -3.12 src/__app__/server_app/server.py",
    "camera_index": 0,
    "motion_detected": false
  },
  {
    "timestamp": "2025-12-11T22:30:55.899296",
    "filename": "snapshot_20251211_223055.jpg",
    "filepath": "logs\\snapshots\\snapshot_20251211_223055.jpg",
    "window": "OBS 31.1.2 - Profil: Sans nom - Scènes: Sans nom",
    "camera_index": 0,
    "motion_detected": false
  }
]