[
  {
    "timestamp": "2025-11-22T11:33:18.887548",
    "text": "\u0003\u0003",
    "window": "main.py - Gordinay - Visual Studio Code",
    "length": 2
  },
  {
    "timestamp": "2025-11-22T11:34:00.212816",
    "text": "\u0018",
    "window": "main.py - Gordinay - Visual Studio Code",
    "length": 1
  },
  {
    "timestamp": "2025-11-22T13:02:49.975229",
    "text": "list",
    "window": "C:\\Windows\\system32\\cmd.exe - py  -3.12 src/__app__/server_app/server.py",
    "length": 4
  },
  {
    "timestamp": "2025-11-22T13:03:20.632772",
    "text": "list",
    "window": "Sélection C:\\Windows\\system32\\cmd.exe - py  -3.12 src/__app__/server_app/server.py",
    "length": 4
  },
  {
    "timestamp": "2025-11-22T13:04:09.403225",
    "text": "n",
    "window": "termianl.py - Gordinay - Visual Studio Code",
    "length": 1
  },
  {
    "timestamp": "2025-11-22T13:04:23.032854",
    "text": "\u0006\u0006",
    "window": "● main.py - Gordinay - Visual Studio Code",
    "length": 2
  },
  {
    "timestamp": "2025-11-22T13:04:31.123464",
    "text": "\u0003py -.",
    "window": "● main.py - Gordinay - Visual Studio Code",
    "length": 6
  },
  {
    "timestamp": "2025-11-22T13:04:56.286958",
    "text": "\u0003",
    "window": "● main.py - Gordinay - Visual Studio Code",
    "length": 1
  },
  {
    "timestamp": "2025-11-22T13:06:54.120266",
    "text": ", printer=\t\t\tself.print = printer\u0013\u0013\u0013\u0003\u0003",
    "window": "server_socket.py - Gordinay - Visual Studio Code",
    "length": 38
  },
  {
    "timestamp": "2025-11-22T13:07:01.817785",
    "text": "list",
    "window": "server_socket.py - Gordinay - Visual Studio Code",
    "length": 4
  },
  {
    "timestamp": "2025-11-22T13:08:09.850728",
    "text": "list",
    "window": "C:\\Windows\\system32\\cmd.exe - py  -3.12 src/__app__/server_app/server.py",
    "length": 4
  },
  {
    "timestamp": "2025-11-22T13:08:20.362071",
    "text": "\u0003\u0003select",
    "window": "Sélection C:\\Windows\\system32\\cmd.exe - py  -3.12 src/__app__/server_app/server.py",
    "length": 8
  },
  {
    "timestamp": "2025-11-22T13:08:23.157703",
    "text": "help",
    "window": "C:\\Windows\\system32\\cmd.exe - py  -3.12 src/__app__/server_app/server.py",
    "length": 4
  },
  {
    "timestamp": "2025-11-22T13:08:31.534000",
    "text": "screenshot",
    "window": "C:\\Windows\\system32\\cmd.exe - py  -3.12 src/__app__/server_app/server.py",
    "length": 10
  },
  {
    "timestamp": "2025-11-22T13:09:11.087950",
    "text": "comment j'ai fais pour afficher ça ?",
    "window": "Gitignore psycache — Mozilla Firefox",
    "length": 36
  },
  {
    "timestamp": "2025-11-22T13:09:11.885438",
    "text": "\u0016",
    "window": "Gitignore psycache — Mozilla Firefox",
    "length": 1
  },
  {
    "timestamp": "2025-11-22T20:19:52.240382",
    "text": "help",
    "window": "C:\\Windows\\system32\\cmd.exe - py  -3.12 src/__app__/server_app/server.py",
    "length": 4
  },
  {
    "timestamp": "2025-11-22T20:20:40.432123",
    "text": "cls",
    "window": "Sélection C:\\Windows\\system32\\cmd.exe - py  -3.12 src/__app__/server_app/server.py",
    "length": 3
  },
  {
    "timestamp": "2025-11-22T20:20:42.020551",
    "text": "clear",
    "window": "C:\\Windows\\system32\\cmd.exe - py  -3.12 src/__app__/server_app/server.py",
    "length": 5
  },
  {
    "timestamp": "2025-11-22T20:20:44.993392",
    "text": "list",
    "window": "C:\\Windows\\system32\\cmd.exe - py  -3.12 src/__app__/server_app/server.py",
    "length": 4
  },
  {
    "timestamp": "2025-11-22T20:20:52.323196",
    "text": "\u0003",
    "window": "Sélection C:\\Windows\\system32\\cmd.exe - py  -3.12 src/__app__/server_app/server.py",
    "length": 1
  },
  {
    "timestamp": "2025-11-22T20:21:24.373041",
    "text": "blo",
    "window": "Recherche",
    "length": 3
  },
  {
    "timestamp": "2025-11-22T20:21:31.858463",
    "text": "def\u0001",
    "window": "Sans titre - Bloc-notes",
    "length": 4
  },
  {
    "timestamp": "2025-11-22T20:22:24.310049",
    "text": "\u0003select",
    "window": "Sélection C:\\Windows\\system32\\cmd.exe - py  -3.12 src/__app__/server_app/server.py",
    "length": 7
  },
  {
    "timestamp": "2025-11-22T20:22:28.711102",
    "text": "help",
    "window": "Sélection C:\\Windows\\system32\\cmd.exe - py  -3.12 src/__app__/server_app/server.py",
    "length": 4
  },
  {
    "timestamp": "2025-11-22T20:22:30.619366",
    "text": "clear",
    "window": "C:\\Windows\\system32\\cmd.exe - py  -3.12 src/__app__/server_app/server.py",
    "length": 5
  },
  {
    "timestamp": "2025-11-22T20:25:15.617191",
    "text": "\u0003\u0003",
    "window": "server_cli.py - Gordinay - Visual Studio Code",
    "length": 2
  },
  {
    "timestamp": "2025-11-22T20:26:00.329390",
    "text": "list",
    "window": "C:\\Windows\\system32\\cmd.exe - py  -3.12 src/__app__/server_app/server.py",
    "length": 4
  },
  {
    "timestamp": "2025-11-22T20:26:05.882488",
    "text": "\u0003select",
    "window": "Sélection C:\\Windows\\system32\\cmd.exe - py  -3.12 src/__app__/server_app/server.py",
    "length": 7
  },
  {
    "timestamp": "2025-11-22T20:26:50.001632",
    "text": "lsit",
    "window": "Sélection C:\\Windows\\system32\\cmd.exe - py  -3.12 src/__app__/server_app/server.py",
    "length": 4
  },
  {
    "timestamp": "2025-11-22T20:27:08.617378",
    "text": "\u0003select",
    "window": "Sélection C:\\Windows\\system32\\cmd.exe - py  -3.12 src/__app__/server_app/server.py",
    "length": 7
  },
  {
    "timestamp": "2025-11-22T20:28:14.617022",
    "text": "\u0003\u0003",
    "window": "server_cli.py - Gordinay - Visual Studio Code",
    "length": 2
  },
  {
    "timestamp": "2025-11-22T20:28:41.754816",
    "text": "\u0003",
    "window": "server_cli.py - Gordinay - Visual Studio Code",
    "length": 1
  },
  {
    "timestamp": "2025-11-22T20:28:48.255736",
    "text": "\u0003",
    "window": "server_cli.py - Gordinay - Visual Studio Code",
    "length": 1
  },
  {
    "timestamp": "2025-11-22T20:28:58.767712",
    "text": "\u0003",
    "window": "server_cli.py - Gordinay - Visual Studio Code",
    "length": 1
  },
  {
    "timestamp": "2025-11-22T20:29:30.744943",
    "text": "\u0003",
    "window": "server_cli.py - Gordinay - Visual Studio Code",
    "length": 1
  },
  {
    "timestamp": "2025-11-22T20:29:44.851846",
    "text": "\u0003\u0003 start",
    "window": "server_cli.py - Gordinay - Visual Studio Code",
    "length": 8
  },
  {
    "timestamp": "2025-11-22T20:30:02.185517",
    "text": "\u0003",
    "window": "server_cli.py - Gordinay - Visual Studio Code",
    "length": 1
  },
  {
    "timestamp": "2025-11-22T20:30:12.937639",
    "text": "\u0003 start",
    "window": "server_cli.py - Gordinay - Visual Studio Code",
    "length": 7
  },
  {
    "timestamp": "2025-11-22T20:30:41.681277",
    "text": "\u0003 stop",
    "window": "server_cli.py - Gordinay - Visual Studio Code",
    "length": 6
  },
  {
    "timestamp": "2025-11-22T20:30:47.882737",
    "text": "\u0003\u0003 stop",
    "window": "server_cli.py - Gordinay - Visual Studio Code",
    "length": 7
  },
  {
    "timestamp": "2025-11-22T20:30:54.399427",
    "text": "\u0003stream start",
    "window": "server_cli.py - Gordinay - Visual Studio Code",
    "length": 13
  },
  {
    "timestamp": "2025-11-22T20:30:59.466410",
    "text": "stream view",
    "window": "C:\\Windows\\system32\\cmd.exe - py  -3.12 src/__app__/server_app/server.py",
    "length": 11
  },
  {
    "timestamp": "2025-11-22T20:31:09.984248",
    "text": "stream start",
    "window": "Sélection C:\\Windows\\system32\\cmd.exe - py  -3.12 src/__app__/server_app/server.py",
    "length": 12
  },
  {
    "timestamp": "2025-11-22T20:31:46.727973",
    "text": "\u0003select",
    "window": "Sélection C:\\Windows\\system32\\cmd.exe - py  -3.12 src/__app__/server_app/server.py",
    "length": 7
  },
  {
    "timestamp": "2025-11-22T20:31:52.680423",
    "text": "stream start",
    "window": "C:\\Windows\\system32\\cmd.exe - py  -3.12 src/__app__/server_app/server.py",
    "length": 12
  },
  {
    "timestamp": "2025-11-22T20:32:02.550092",
    "text": "stream",
    "window": "C:\\Windows\\system32\\cmd.exe - py  -3.12 src/__app__/server_app/server.py",
    "length": 6
  },
  {
    "timestamp": "2025-11-22T20:32:06.384256",
    "text": "stream view",
    "window": "C:\\Windows\\system32\\cmd.exe - py  -3.12 src/__app__/server_app/server.py",
    "length": 11
  },
  {
    "timestamp": "2025-11-22T20:32:59.601016",
    "text": "ping",
    "window": "C:\\Windows\\system32\\cmd.exe - py  -3.12 src/__app__/server_app/server.py",
    "length": 4
  },
  {
    "timestamp": "2025-11-22T20:34:14.123815",
    "text": "\u0003download",
    "window": "server_cli.py - Gordinay - Visual Studio Code",
    "length": 9
  },
  {
    "timestamp": "2025-11-22T20:34:26.615995",
    "text": "\u0003",
    "window": "Gordinay",
    "length": 1
  },
  {
    "timestamp": "2025-11-22T20:34:39.376193",
    "text": "download_logs",
    "window": "C:\\Windows\\system32\\cmd.exe - py  -3.12 src/__app__/server_app/server.py",
    "length": 13
  },
  {
    "timestamp": "2025-11-22T20:37:56.699244",
    "text": "stream start",
    "window": "Sélection C:\\Windows\\system32\\cmd.exe - py  -3.12 src/__app__/server_app/server.py",
    "length": 12
  },
  {
    "timestamp": "2025-11-22T20:38:13.482074",
    "text": "stream stop",
    "window": "C:\\Windows\\system32\\cmd.exe - py  -3.12 src/__app__/server_app/server.py",
    "length": 11
  },
  {
    "timestamp": "2025-12-11T21:58:10.197087",
    "text": "list",
    "window": "Sélection C:\\Windows\\system32\\cmd.exe - py  -3.12 src/__app__/server_app/server.py",
    "length": 4
  },
  {
    "timestamp": "2025-12-11T21:58:15.604942",
    "text": "help",
    "window": "C:\\Windows\\system32\\cmd.exe - py  -3.12 src/__app__/server_app/server.py",
    "length": 4
  },
  {
    "timestamp": "2025-12-11T21:58:31.562776",
    "text": "\u0003\u0003",
    "window": "Sélection C:\\Windows\\system32\\cmd.exe - py  -3.12 src/__app__/server_app/server.py",
    "length": 2
  },
  {
    "timestamp": "2025-12-11T22:00:30.069511",
    "text": "paint",
    "window": "Recherche",
    "length": 5
  },
  {
    "timestamp": "2025-12-11T22:00:53.069970",
    "text": "\u001a\u0003\u0016\u0016",
    "window": "Sans titre - Paint",
    "length": 4
  },
  {
    "timestamp": "2025-12-11T22:01:03.851443",
    "text": "\u001a",
    "window": "● main.py - Gordinay - Visual Studio Code",
    "length": 1
  },
  {
    "timestamp": "2025-12-11T22:06:17.725510",
    "text": "list",
    "window": "C:\\Windows\\system32\\cmd.exe - py  -3.12 src/__app__/server_app/server.py",
    "length": 4
  },
  {
    "timestamp": "2025-12-11T22:06:24.114390",
    "text": "clear",
    "window": "Sélection C:\\Windows\\system32\\cmd.exe - py  -3.12 src/__app__/server_app/server.py",
    "length": 5
  },
  {
    "timestamp": "2025-12-11T22:06:27.638728",
    "text": "help",
    "window": "C:\\Windows\\system32\\cmd.exe - py  -3.12 src/__app__/server_app/server.py",
    "length": 4
  },
  {
    "timestamp": "2025-12-11T22:06:50.184259",
    "text": "clear",
    "window": "Sélection C:\\Windows\\system32\\cmd.exe - py  -3.12 src/__app__/server_app/server.py",
    "length": 5
  },
  {
    "timestamp": "2025-12-11T22:06:51.433988",
    "text": "list",
    "window": "C:\\Windows\\system32\\cmd.exe - py  -3.12 src/__app__/server_app/server.py",
    "length": 4
  },
  {
    "timestamp": "2025-12-11T22:06:58.214400",
    "text": "\u0003select",
    "window": "Sélection C:\\Windows\\system32\\cmd.exe - py  -3.12 src/__app__/server_app/server.py",
    "length": 7
  },
  {
    "timestamp": "2025-12-11T22:07:04.414049",
    "text": "help",
    "window": "Sélection C:\\Windows\\system32\\cmd.exe - py  -3.12 src/__app__/server_app/server.py",
    "length": 4
  },
  {
    "timestamp": "2025-12-11T22:09:43.352033",
    "text": "clear",
    "window": "Sélection C:\\Windows\\system32\\cmd.exe - py  -3.12 src/__app__/server_app/server.py",
    "length": 5
  },
  {
    "timestamp": "2025-12-11T22:10:00.259841",
    "text": "coucouc moi c'est nagib\u0001\u001a\u001a\u001a\u001a\u001a",
    "window": "main.py - Gordinay - Visual Studio Code",
    "length": 29
  },
  {
    "timestamp": "2025-12-11T22:11:40.292226",
    "text": "help",
    "window": "C:\\Windows\\system32\\cmd.exe - py  -3.12 src/__app__/server_app/server.py",
    "length": 4
  },
  {
    "timestamp": "2025-12-11T22:11:46.324335",
    "text": "ping",
    "window": "Sélection C:\\Windows\\system32\\cmd.exe - py  -3.12 src/__app__/server_app/server.py",
    "length": 4
  },
  {
    "timestamp": "2025-12-11T22:11:59.106330",
    "text": "shell mkdir test\"\"",
    "window": "C:\\Windows\\system32\\cmd.exe - py  -3.12 src/__app__/server_app/server.py",
    "length": 18
  },
  {
    "timestamp": "2025-12-11T22:12:08.467142",
    "text": "mkdir testshell",
    "window": "C:\\Windows\\system32\\cmd.exe - py  -3.12 src/__app__/server_app/server.py",
    "length": 15
  },
  {
    "timestamp": "2025-12-11T22:12:25.462326",
    "text": "shell open https://google.fr",
    "window": "C:\\Windows\\system32\\cmd.exe - py  -3.12 src/__app__/server_app/server.py",
    "length": 28
  },
  {
    "timestamp": "2025-12-11T22:12:34.478270",
    "text": "shell start https://google.fr",
    "window": "C:\\Windows\\system32\\cmd.exe - py  -3.12 src/__app__/server_app/server.py",
    "length": 29
  },
  {
    "timestamp": "2025-12-11T22:13:08.048728",
    "text": "shell cmd /c msg \"coucou\"",
    "window": "C:\\Windows\\system32\\cmd.exe - py  -3.12 src/__app__/server_app/server.py",
    "length": 25
  },
  {
    "timestamp": "2025-12-11T22:13:27.552769",
    "text": "sur bash commeen .bat comment faire un 'coucou'",
    "window": "Analyseur de trafic réseau avec détection d'attaques - Claude — Mozilla Firefox",
    "length": 47
  },
  {
    "timestamp": "2025-12-11T22:13:55.165056",
    "text": "sur une petite fenetre j'ai oublié ?",
    "window": "Analyseur de trafic réseau avec détection d'attaques - Claude — Mozilla Firefox",
    "length": 36
  },
  {
    "timestamp": "2025-12-11T22:14:13.806824",
    "text": "\u0003shell",
    "window": "Analyseur de trafic réseau avec détection d'attaques - Claude — Mozilla Firefox",
    "length": 6
  },
  {
    "timestamp": "2025-12-11T22:14:17.317226",
    "text": "rcmd",
    "window": "C:\\Windows\\system32\\cmd.exe - py  -3.12 src/__app__/server_app/server.py",
    "length": 4
  },
  {
    "timestamp": "2025-12-11T22:14:27.180246",
    "text": "et sur le cmd ? \u0003",
    "window": "Analyseur de trafic réseau avec détection d'attaques - Claude — Mozilla Firefox",
    "length": 17
  },
  {
    "timestamp": "2025-12-11T22:14:44.104687",
    "text": "\u0003",
    "window": "Analyseur de trafic réseau avec détection d'attaques - Claude — Mozilla Firefox",
    "length": 1
  },
  {
    "timestamp": "2025-12-11T22:14:57.662051",
    "text": "shell",
    "window": "C:\\Windows\\system32\\cmd.exe - py  -3.12 src/__app__/server_app/server.py",
    "length": 5
  },
  {
    "timestamp": "2025-12-11T22:15:12.783050",
    "text": "clear",
    "window": "C:\\Windows\\system32\\cmd.exe - py  -3.12 src/__app__/server_app/server.py",
    "length": 5
  },
  {
    "timestamp": "2025-12-11T22:15:22.943497",
    "text": "clear",
    "window": "C:\\Windows\\system32\\cmd.exe",
    "length": 5
  },
  {
    "timestamp": "2025-12-11T22:15:34.223771",
    "text": "shell",
    "window": "Sélection C:\\Windows\\system32\\cmd.exe - py  -3.12 src/__app__/server_app/server.py",
    "length": 5
  },
  {
    "timestamp": "2025-12-11T22:16:04.491767",
    "text": "clear",
    "window": "C:\\Windows\\system32\\cmd.exe - py  -3.12 src/__app__/server_app/server.py",
    "length": 5
  },
  {
    "timestamp": "2025-12-11T22:16:06.297784",
    "text": "help",
    "window": "C:\\Windows\\system32\\cmd.exe - py  -3.12 src/__app__/server_app/server.py",
    "length": 4
  },
  {
    "timestamp": "2025-12-11T22:16:15.062890",
    "text": "\u0003",
    "window": "Sélection C:\\Windows\\system32\\cmd.exe - py  -3.12 src/__app__/server_app/server.py",
    "length": 1
  },
  {
    "timestamp": "2025-12-11T22:16:20.154267",
    "text": "\u0003cls",
    "window": "Sélection C:\\Windows\\system32\\cmd.exe - py  -3.12 src/__app__/server_app/server.py",
    "length": 4
  },
  {
    "timestamp": "2025-12-11T22:16:21.481727",
    "text": "clear",
    "window": "C:\\Windows\\system32\\cmd.exe - py  -3.12 src/__app__/server_app/server.py",
    "length": 5
  },
  {
    "timestamp": "2025-12-11T22:16:42.729910",
    "text": "\\re",
    "window": "test",
    "length": 3
  },
  {
    "timestamp": "2025-12-11T22:16:47.968326",
    "text": "\u0001\u0003\"\"",
    "window": "test",
    "length": 4
  },
  {
    "timestamp": "2025-12-11T22:17:13.741402",
    "text": "download",
    "window": "C:\\Windows\\system32\\cmd.exe - py  -3.12 src/__app__/server_app/server.py",
    "length": 8
  },
  {
    "timestamp": "2025-12-11T22:17:32.989497",
    "text": "clear",
    "window": "Sélection C:\\Windows\\system32\\cmd.exe - py  -3.12 src/__app__/server_app/server.py",
    "length": 5
  },
  {
    "timestamp": "2025-12-11T22:17:49.027172",
    "text": "download \\re\u0001\u0003",
    "window": "C:\\Windows\\system32\\cmd.exe - py  -3.12 src/__app__/server_app/server.py",
    "length": 14
  },
  {
    "timestamp": "2025-12-11T22:18:05.368437",
    "text": "cls",
    "window": "C:\\Windows\\system32\\cmd.exe - py  -3.12 src/__app__/server_app/server.py",
    "length": 3
  },
  {
    "timestamp": "2025-12-11T22:18:06.352450",
    "text": "clear",
    "window": "C:\\Windows\\system32\\cmd.exe - py  -3.12 src/__app__/server_app/server.py",
    "length": 5
  },
  {
    "timestamp": "2025-12-11T22:18:08.638239",
    "text": "help",
    "window": "C:\\Windows\\system32\\cmd.exe - py  -3.12 src/__app__/server_app/server.py",
    "length": 4
  },
  {
    "timestamp": "2025-12-11T22:18:22.530086",
    "text": "search *pdf.",
    "window": "Sélection C:\\Windows\\system32\\cmd.exe - py  -3.12 src/__app__/server_app/server.py",
    "length": 12
  },
  {
    "timestamp": "2025-12-11T22:19:13.770949",
    "text": ".",
    "window": "C:\\Windows\\system32\\cmd.exe - py  -3.12 src/__app__/server_app/server.py",
    "length": 1
  },
  {
    "timestamp": "2025-12-11T22:19:34.383800",
    "text": "*",
    "window": "C:\\Windows\\system32\\cmd.exe - py  -3.12 src/__app__/server_app/server.py",
    "length": 1
  },
  {
    "timestamp": "2025-12-11T22:19:55.057652",
    "text": "ici comment ma commande search fonctionne dans momon projet ?",
    "window": "Analyseur de trafic réseau avec détection d'attaques - Claude — Mozilla Firefox",
    "length": 61
  },
  {
    "timestamp": "2025-12-11T22:20:21.337563",
    "text": "\u0006search",
    "window": "main.py - Gordinay - Visual Studio Code",
    "length": 7
  },
  {
    "timestamp": "2025-12-11T22:20:34.475628",
    "text": "\u0003",
    "window": "Analyseur de trafic réseau avec détection d'attaques - Claude — Mozilla Firefox",
    "length": 1
  },
  {
    "timestamp": "2025-12-11T22:20:40.827802",
    "text": "\u0003",
    "window": "Analyseur de trafic réseau avec détection d'attaques - Claude — Mozilla Firefox",
    "length": 1
  },
  {
    "timestamp": "2025-12-11T22:20:54.813447",
    "text": "cls",
    "window": "Sélection C:\\Windows\\system32\\cmd.exe - py  -3.12 src/__app__/server_app/server.py",
    "length": 3
  },
  {
    "timestamp": "2025-12-11T22:20:56.075440",
    "text": "clear",
    "window": "C:\\Windows\\system32\\cmd.exe - py  -3.12 src/__app__/server_app/server.py",
    "length": 5
  },
  {
    "timestamp": "2025-12-11T22:21:27.556929",
    "text": "\u0003\u0016\u0013\u001a\u0013\u0018\u0016",
    "window": "Téléchargements",
    "length": 7
  },
  {
    "timestamp": "2025-12-11T22:22:10.810354",
    "text": "fait moi la liste des commandes stp eque je peux faire stp pour me faire gagner du temps",
    "window": "Analyseur de trafic réseau avec détection d'attaques - Claude — Mozilla Firefox",
    "length": 88
  },
  {
    "timestamp": "2025-12-11T22:23:32.282132",
    "text": "\u0003",
    "window": "Analyseur de trafic réseau avec détection d'attaques - Claude — Mozilla Firefox",
    "length": 1
  },
  {
    "timestamp": "2025-12-11T22:23:38.907202",
    "text": "dir",
    "window": "C:\\Windows\\system32\\cmd.exe - py  -3.12 src/__app__/server_app/server.py",
    "length": 3
  },
  {
    "timestamp": "2025-12-11T22:23:40.374924",
    "text": "ls",
    "window": "C:\\Windows\\system32\\cmd.exe - py  -3.12 src/__app__/server_app/server.py",
    "length": 2
  },
  {
    "timestamp": "2025-12-11T22:23:57.406395",
    "text": "cd \u0003",
    "window": "C:\\Windows\\system32\\cmd.exe - py  -3.12 src/__app__/server_app/server.py",
    "length": 4
  },
  {
    "timestamp": "2025-12-11T22:24:01.971051",
    "text": "mkdir test",
    "window": "C:\\Windows\\system32\\cmd.exe - py  -3.12 src/__app__/server_app/server.py",
    "length": 10
  },
  {
    "timestamp": "2025-12-11T22:24:08.246875",
    "text": "op",
    "window": "C:\\Windows\\system32\\cmd.exe - py  -3.12 src/__app__/server_app/server.py",
    "length": 2
  },
  {
    "timestamp": "2025-12-11T22:24:12.909851",
    "text": "\u0003",
    "window": "Analyseur de trafic réseau avec détection d'attaques - Claude — Mozilla Firefox",
    "length": 1
  },
  {
    "timestamp": "2025-12-11T22:24:22.984574",
    "text": "\u0003",
    "window": "Analyseur de trafic réseau avec détection d'attaques - Claude — Mozilla Firefox",
    "length": 1
  },
  {
    "timestamp": "2025-12-11T22:24:28.625338",
    "text": "\u0003",
    "window": "Analyseur de trafic réseau avec détection d'attaques - Claude — Mozilla Firefox",
    "length": 1
  },
  {
    "timestamp": "2025-12-11T22:24:32.542884",
    "text": "disconnect",
    "window": "Sélection C:\\Windows\\system32\\cmd.exe - py  -3.12 src/__app__/server_app/server.py",
    "length": 10
  },
  {
    "timestamp": "2025-12-11T22:24:35.168058",
    "text": "logout",
    "window": "C:\\Windows\\system32\\cmd.exe - py  -3.12 src/__app__/server_app/server.py",
    "length": 6
  },
  {
    "timestamp": "2025-12-11T22:24:50.992279",
    "text": "\u0003select",
    "window": "Sélection C:\\Windows\\system32\\cmd.exe - py  -3.12 src/__app__/server_app/server.py",
    "length": 7
  },
  {
    "timestamp": "2025-12-11T22:24:53.317289",
    "text": "clear",
    "window": "C:\\Windows\\system32\\cmd.exe - py  -3.12 src/__app__/server_app/server.py",
    "length": 5
  },
  {
    "timestamp": "2025-12-11T22:25:03.941450",
    "text": "\u0003\u0003",
    "window": "Analyseur de trafic réseau avec détection d'attaques - Claude — Mozilla Firefox",
    "length": 2
  },
  {
    "timestamp": "2025-12-11T22:25:15.795844",
    "text": "stream view",
    "window": "C:\\Windows\\system32\\cmd.exe - py  -3.12 src/__app__/server_app/server.py",
    "length": 11
  },
  {
    "timestamp": "2025-12-11T22:25:38.974237",
    "text": "\u0003stop",
    "window": "Analyseur de trafic réseau avec détection d'attaques - Claude — Mozilla Firefox",
    "length": 5
  },
  {
    "timestamp": "2025-12-11T22:25:44.833728",
    "text": "logout",
    "window": "Sélection C:\\Windows\\system32\\cmd.exe - py  -3.12 src/__app__/server_app/server.py",
    "length": 6
  },
  {
    "timestamp": "2025-12-11T22:25:56.065926",
    "text": "\u0003\u0003",
    "window": "Sélection C:\\Windows\\system32\\cmd.exe - py  -3.12 src/__app__/server_app/server.py",
    "length": 2
  },
  {
    "timestamp": "2025-12-11T22:26:15.168106",
    "text": "\u0003",
    "window": "Sélection C:\\Windows\\system32\\cmd.exe - py  -3.12 src/__app__/server_app/server.py",
    "length": 1
  },
  {
    "timestamp": "2025-12-11T22:26:22.052775",
    "text": "list",
    "window": "C:\\Windows\\system32\\cmd.exe - py  -3.12 src/__app__/server_app/server.py",
    "length": 4
  },
  {
    "timestamp": "2025-12-11T22:26:27.703904",
    "text": "\u0003select",
    "window": "Sélection C:\\Windows\\system32\\cmd.exe - py  -3.12 src/__app__/server_app/server.py",
    "length": 7
  },
  {
    "timestamp": "2025-12-11T22:26:35.563116",
    "text": "\u0003",
    "window": "Analyseur de trafic réseau avec détection d'attaques - Claude — Mozilla Firefox",
    "length": 1
  },
  {
    "timestamp": "2025-12-11T22:26:40.276396",
    "text": "stream view",
    "window": "C:\\Windows\\system32\\cmd.exe - py  -3.12 src/__app__/server_app/server.py",
    "length": 11
  },
  {
    "timestamp": "2025-12-11T22:27:15.833330",
    "text": "q",
    "window": "Sélection C:\\Windows\\system32\\cmd.exe - py  -3.12 src/__app__/server_app/server.py",
    "length": 1
  },
  {
    "timestamp": "2025-12-11T22:28:00.049941",
    "text": "q",
    "window": "Webcam Stream - f0d3ca94",
    "length": 1
  },
  {
    "timestamp": "2025-12-11T22:28:11.653340",
    "text": "stop",
    "window": "C:\\Windows\\system32\\cmd.exe - py  -3.12 src/__app__/server_app/server.py",
    "length": 4
  },
  {
    "timestamp": "2025-12-11T22:28:44.737327",
    "text": "\u0003select",
    "window": "Sélection C:\\Windows\\system32\\cmd.exe - py  -3.12 src/__app__/server_app/server.py",
    "length": 7
  },
  {
    "timestamp": "2025-12-11T22:28:46.088300",
    "text": "clear",
    "window": "C:\\Windows\\system32\\cmd.exe - py  -3.12 src/__app__/server_app/server.py",
    "length": 5
  },
  {
    "timestamp": "2025-12-11T22:28:56.362431",
    "text": "\u0003\u0003",
    "window": "Analyseur de trafic réseau avec détection d'attaques - Claude — Mozilla Firefox",
    "length": 2
  },
  {
    "timestamp": "2025-12-11T22:28:59.968186",
    "text": "op",
    "window": "C:\\Windows\\system32\\cmd.exe - py  -3.12 src/__app__/server_app/server.py",
    "length": 2
  },
  {
    "timestamp": "2025-12-11T22:31:16.527746",
    "text": "list",
    "window": "Sélection C:\\Windows\\system32\\cmd.exe - py  -3.12 src/__app__/server_app/server.py",
    "length": 4
  },
  {
    "timestamp": "2025-12-11T22:31:20.672285",
    "text": "\u0003select",
    "window": "Sélection C:\\Windows\\system32\\cmd.exe - py  -3.12 src/__app__/server_app/server.py",
    "length": 7
  },
  {
    "timestamp": "2025-12-11T22:31:23.797625",
    "text": "clear",
    "window": "C:\\Windows\\system32\\cmd.exe - py  -3.12 src/__app__/server_app/server.py",
    "length": 5
  },
  {
    "timestamp": "2025-12-11T22:31:32.047543",
    "text": "\u0003",
    "window": "Analyseur de trafic réseau avec détection d'attaques - Claude — Mozilla Firefox",
    "length": 1
  },
  {
    "timestamp": "2025-12-11T22:32:12.886411",
    "text": "list",
    "window": "C:\\Windows\\system32\\cmd.exe - py  -3.12 src/__app__/server_app/server.py",
    "length": 4
  },
  {
    "timestamp": "2025-12-11T22:32:16.971691",
    "text": "\u0003select",
    "window": "Sélection C:\\Windows\\system32\\cmd.exe - py  -3.12 src/__app__/server_app/server.py",
    "length": 7
  },
  {
    "timestamp": "2025-12-11T22:32:53.894448",
    "text": "list",
    "window": "C:\\Windows\\system32\\cmd.exe - py  -3.12 src/__app__/server_app/server.py",
    "length": 4
  },
  {
    "timestamp": "2025-12-11T22:32:58.282834",
    "text": "\u0003select",
    "window": "Sélection C:\\Windows\\system32\\cmd.exe - py  -3.12 src/__app__/server_app/server.py",
    "length": 7
  },
  {
    "timestamp": "2025-12-11T22:33:19.802649",
    "text": "\u0001",
    "window": "screenshots",
    "length": 1
  },
  {
    "timestamp": "2025-12-11T22:33:31.009009",
    "text": "list",
    "window": "C:\\Windows\\system32\\cmd.exe - py  -3.12 src/__app__/server_app/server.py",
    "length": 4
  },
  {
    "timestamp": "2025-12-11T22:33:35.839028",
    "text": "list",
    "window": "C:\\Windows\\system32\\cmd.exe - py  -3.12 src/__app__/server_app/server.py",
    "length": 4
  },
  {
    "timestamp": "2025-12-11T22:33:41.156363",
    "text": "\u0003select",
    "window": "Sélection C:\\Windows\\system32\\cmd.exe - py  -3.12 src/__app__/server_app/server.py",
    "length": 7
  }
]