[
  {
    "timestamp": "2025-11-22T11:33:11.857290",
    "hostname": "DESKTOP-21CE2O1",
    "local_ip": "192.168.1.119",
    "public_ip": "82.64.213.2",
    "mac_address": "98:2c:bc:9c:a3:b9",
    "default_gateway": "Unknown",
    "dns_servers": [
      "192.168.1.254"
    ],
    "interfaces": [
      {
        "info": "Install psutil for detailed interface information"
      }
    ]
  },
  {
    "timestamp": "2025-11-22T11:33:44.744456",
    "hostname": "DESKTOP-21CE2O1",
    "local_ip": "192.168.1.119",
    "public_ip": "82.64.213.2",
    "mac_address": "98:2c:bc:9c:a3:b9",
    "default_gateway": "Unknown",
    "dns_servers": [
      "192.168.1.254"
    ],
    "interfaces": [
      {
        "info": "Install psutil for detailed interface information"
      }
    ]
  },
  {
    "timestamp": "2025-11-22T11:34:04.068660",
    "hostname": "DESKTOP-21CE2O1",
    "local_ip": "192.168.1.119",
    "public_ip": "82.64.213.2",
    "mac_address": "98:2c:bc:9c:a3:b9",
    "default_gateway": "Unknown",
    "dns_servers": [
      "192.168.1.254"
    ],
    "interfaces": [
      {
        "info": "Install psutil for detailed interface information"
      }
    ]
  },
  {
    "timestamp": "2025-11-22T13:02:21.577705",
    "hostname": "DESKTOP-21CE2O1",
    "local_ip": "192.168.1.119",
    "public_ip": "82.64.213.2",
    "mac_address": "98:2c:bc:9c:a3:b9",
    "default_gateway": "Unknown",
    "dns_servers": [
      "192.168.1.254"
    ],
    "interfaces": [
      {
        "info": "Install psutil for detailed interface information"
      }
    ]
  },
  {
    "timestamp": "2025-11-22T13:07:45.832427",
    "hostname": "DESKTOP-21CE2O1",
    "local_ip": "192.168.1.119",
    "public_ip": "82.64.213.2",
    "mac_address": "98:2c:bc:9c:a3:b9",
    "default_gateway": "Unknown",
    "dns_servers": [
      "192.168.1.254"
    ],
    "interfaces": [
      {
        "info": "Install psutil for detailed interface information"
      }
    ]
  },
  {
    "timestamp": "2025-11-22T20:03:21.540320",
    "hostname": "DESKTOP-21CE2O1",
    "local_ip": "192.168.1.119",
    "public_ip": "82.64.213.2",
    "mac_address": "98:2c:bc:9c:a3:b9",
    "default_gateway": "Unknown",
    "dns_servers": [
      "192.168.1.254"
    ],
    "interfaces": [
      {
        "info": "Install psutil for detailed interface information"
      }
    ]
  },
  {
    "timestamp": "2025-11-22T20:19:17.560395",
    "hostname": "DESKTOP-21CE2O1",
    "local_ip": "192.168.1.119",
    "public_ip": "82.64.213.2",
    "mac_address": "98:2c:bc:9c:a3:b9",
    "default_gateway": "Unknown",
    "dns_servers": [
      "192.168.1.254"
    ],
    "interfaces": [
      {
        "info": "Install psutil for detailed interface information"
      }
    ]
  },
  {
    "timestamp": "2025-11-22T20:25:39.782465",
    "hostname": "DESKTOP-21CE2O1",
    "local_ip": "192.168.1.119",
    "public_ip": "82.64.213.2",
    "mac_address": "98:2c:bc:9c:a3:b9",
    "default_gateway": "Unknown",
    "dns_servers": [
      "192.168.1.254"
    ],
    "interfaces": [
      {
        "info": "Install psutil for detailed interface information"
      }
    ]
  },
  {
    "timestamp": "2025-11-22T20:26:36.496195",
    "hostname": "DESKTOP-21CE2O1",
    "local_ip": "192.168.1.119",
    "public_ip": "82.64.213.2",
    "mac_address": "98:2c:bc:9c:a3:b9",
    "default_gateway": "Unknown",
    "dns_servers": [
      "192.168.1.254"
    ],
    "interfaces": [
      {
        "info": "Install psutil for detailed interface information"
      }
    ]
  },
  {
    "timestamp": "2025-11-22T20:27:00.892367",
    "hostname": "DESKTOP-21CE2O1",
    "local_ip": "192.168.1.119",
    "public_ip": "82.64.213.2",
    "mac_address": "98:2c:bc:9c:a3:b9",
    "default_gateway": "Unknown",
    "dns_servers": [
      "192.168.1.254"
    ],
    "interfaces": [
      {
        "info": "Install psutil for detailed interface information"
      }
    ]
  },
  {
    "timestamp": "2025-11-22T20:31:39.429380",
    "hostname": "DESKTOP-21CE2O1",
    "local_ip": "192.168.1.119",
    "public_ip": "82.64.213.2",
    "mac_address": "98:2c:bc:9c:a3:b9",
    "default_gateway": "Unknown",
    "dns_servers": [
      "192.168.1.254"
    ],
    "interfaces": [
      {
        "info": "Install psutil for detailed interface information"
      }
    ]
  },
  {
    "timestamp": "2025-12-11T21:54:28.791755",
    "hostname": "DESKTOP-21CE2O1",
    "local_ip": "192.168.141.116",
    "public_ip": "92.92.129.98",
    "mac_address": "98:2c:bc:9c:a3:b9",
    "default_gateway": "Unknown",
    "dns_servers": [
      "192.168.141.30"
    ],
    "interfaces": [
      {
        "name": "Ethernet",
        "is_up": false,
        "addresses": [
          {
            "family": "-1",
            "address": "04-D4-C4-B0-F1-B2",
            "netmask": null,
            "broadcast": null
          },
          {
            "family": "2",
            "address": "169.254.237.166",
            "netmask": "255.255.0.0",
            "broadcast": null
          },
          {
            "family": "23",
            "address": "fe80::da4:f671:7c5:a0be",
            "netmask": null,
            "broadcast": null
          }
        ]
      },
      {
        "name": "Connexion au réseau local* 1",
        "is_up": false,
        "addresses": [
          {
            "family": "-1",
            "address": "98-2C-BC-9C-A3-B6",
            "netmask": null,
            "broadcast": null
          },
          {
            "family": "2",
            "address": "169.254.72.206",
            "netmask": "255.255.0.0",
            "broadcast": null
          },
          {
            "family": "23",
            "address": "fe80::182a:6ca5:da90:5b2a",
            "netmask": null,
            "broadcast": null
          }
        ]
      },
      {
        "name": "Connexion au réseau local* 2",
        "is_up": false,
        "addresses": [
          {
            "family": "-1",
            "address": "9A-2C-BC-9C-A3-B5",
            "netmask": null,
            "broadcast": null
          },
          {
            "family": "2",
            "address": "169.254.169.74",
            "netmask": "255.255.0.0",
            "broadcast": null
          },
          {
            "family": "23",
            "address": "fe80::a4e2:b7ac:ba5f:d51f",
            "netmask": null,
            "broadcast": null
          }
        ]
      },
      {
        "name": "VMware Network Adapter VMnet1",
        "is_up": true,
        "addresses": [
          {
            "family": "-1",
            "address": "00-50-56-C0-00-01",
            "netmask": null,
            "broadcast": null
          },
          {
            "family": "2",
            "address": "192.168.140.1",
            "netmask": "255.255.255.0",
            "broadcast": null
          },
          {
            "family": "23",
            "address": "fe80::8e63:e895:428d:f088",
            "netmask": null,
            "broadcast": null
          }
        ]
      },
      {
        "name": "VMware Network Adapter VMnet8",
        "is_up": true,
        "addresses": [
          {
            "family": "-1",
            "address": "00-50-56-C0-00-08",
            "netmask": null,
            "broadcast": null
          },
          {
            "family": "2",
            "address": "192.168.184.1",
            "netmask": "255.255.255.0",
            "broadcast": null
          },
          {
            "family": "23",
            "address": "fe80::9c9e:76d2:652c:db51",
            "netmask": null,
            "broadcast": null
          }
        ]
      },
      {
        "name": "Wi-Fi",
        "is_up": true,
        "addresses": [
          {
            "family": "-1",
            "address": "98-2C-BC-9C-A3-B5",
            "netmask": null,
            "broadcast": null
          },
          {
            "family": "2",
            "address": "192.168.141.116",
            "netmask": "255.255.255.0",
            "broadcast": null
          },
          {
            "family": "23",
            "address": "2a02:8440:350e:3597:1b56:fd9a:5542:8b0",
            "netmask": null,
            "broadcast": null
          },
          {
            "family": "23",
            "address": "2a02:8440:350e:3597:94df:dbc0:9907:cd65",
            "netmask": null,
            "broadcast": null
          },
          {
            "family": "23",
            "address": "fe80::a22c:7e55:e122:5f60",
            "netmask": null,
            "broadcast": null
          }
        ]
      },
      {
        "name": "Connexion réseau Bluetooth",
        "is_up": false,
        "addresses": [
          {
            "family": "-1",
            "address": "98-2C-BC-9C-A3-B9",
            "netmask": null,
            "broadcast": null
          },
          {
            "family": "2",
            "address": "169.254.206.102",
            "netmask": "255.255.0.0",
            "broadcast": null
          },
          {
            "family": "23",
            "address": "fe80::dad5:b00e:110a:62d5",
            "netmask": null,
            "broadcast": null
          }
        ]
      },
      {
        "name": "Loopback Pseudo-Interface 1",
        "is_up": true,
        "addresses": [
          {
            "family": "2",
            "address": "127.0.0.1",
            "netmask": "255.0.0.0",
            "broadcast": null
          },
          {
            "family": "23",
            "address": "::1",
            "netmask": null,
            "broadcast": null
          }
        ]
      }
    ]
  },
  {
    "timestamp": "2025-12-11T21:57:51.699367",
    "hostname": "DESKTOP-21CE2O1",
    "local_ip": "192.168.141.116",
    "public_ip": "92.92.129.98",
    "mac_address": "98:2c:bc:9c:a3:b9",
    "default_gateway": "Unknown",
    "dns_servers": [
      "192.168.141.30"
    ],
    "interfaces": [
      {
        "name": "Ethernet",
        "is_up": false,
        "addresses": [
          {
            "family": "-1",
            "address": "04-D4-C4-B0-F1-B2",
            "netmask": null,
            "broadcast": null
          },
          {
            "family": "2",
            "address": "169.254.237.166",
            "netmask": "255.255.0.0",
            "broadcast": null
          },
          {
            "family": "23",
            "address": "fe80::da4:f671:7c5:a0be",
            "netmask": null,
            "broadcast": null
          }
        ]
      },
      {
        "name": "Connexion au réseau local* 1",
        "is_up": false,
        "addresses": [
          {
            "family": "-1",
            "address": "98-2C-BC-9C-A3-B6",
            "netmask": null,
            "broadcast": null
          },
          {
            "family": "2",
            "address": "169.254.72.206",
            "netmask": "255.255.0.0",
            "broadcast": null
          },
          {
            "family": "23",
            "address": "fe80::182a:6ca5:da90:5b2a",
            "netmask": null,
            "broadcast": null
          }
        ]
      },
      {
        "name": "Connexion au réseau local* 2",
        "is_up": false,
        "addresses": [
          {
            "family": "-1",
            "address": "9A-2C-BC-9C-A3-B5",
            "netmask": null,
            "broadcast": null
          },
          {
            "family": "2",
            "address": "169.254.169.74",
            "netmask": "255.255.0.0",
            "broadcast": null
          },
          {
            "family": "23",
            "address": "fe80::a4e2:b7ac:ba5f:d51f",
            "netmask": null,
            "broadcast": null
          }
        ]
      },
      {
        "name": "VMware Network Adapter VMnet1",
        "is_up": true,
        "addresses": [
          {
            "family": "-1",
            "address": "00-50-56-C0-00-01",
            "netmask": null,
            "broadcast": null
          },
          {
            "family": "2",
            "address": "192.168.140.1",
            "netmask": "255.255.255.0",
            "broadcast": null
          },
          {
            "family": "23",
            "address": "fe80::8e63:e895:428d:f088",
            "netmask": null,
            "broadcast": null
          }
        ]
      },
      {
        "name": "VMware Network Adapter VMnet8",
        "is_up": true,
        "addresses": [
          {
            "family": "-1",
            "address": "00-50-56-C0-00-08",
            "netmask": null,
            "broadcast": null
          },
          {
            "family": "2",
            "address": "192.168.184.1",
            "netmask": "255.255.255.0",
            "broadcast": null
          },
          {
            "family": "23",
            "address": "fe80::9c9e:76d2:652c:db51",
            "netmask": null,
            "broadcast": null
          }
        ]
      },
      {
        "name": "Wi-Fi",
        "is_up": true,
        "addresses": [
          {
            "family": "-1",
            "address": "98-2C-BC-9C-A3-B5",
            "netmask": null,
            "broadcast": null
          },
          {
            "family": "2",
            "address": "192.168.141.116",
            "netmask": "255.255.255.0",
            "broadcast": null
          },
          {
            "family": "23",
            "address": "2a02:8440:350e:3597:1b56:fd9a:5542:8b0",
            "netmask": null,
            "broadcast": null
          },
          {
            "family": "23",
            "address": "2a02:8440:350e:3597:94df:dbc0:9907:cd65",
            "netmask": null,
            "broadcast": null
          },
          {
            "family": "23",
            "address": "fe80::a22c:7e55:e122:5f60",
            "netmask": null,
            "broadcast": null
          }
        ]
      },
      {
        "name": "Connexion réseau Bluetooth",
        "is_up": false,
        "addresses": [
          {
            "family": "-1",
            "address": "98-2C-BC-9C-A3-B9",
            "netmask": null,
            "broadcast": null
          },
          {
            "family": "2",
            "address": "169.254.206.102",
            "netmask": "255.255.0.0",
            "broadcast": null
          },
          {
            "family": "23",
            "address": "fe80::dad5:b00e:110a:62d5",
            "netmask": null,
            "broadcast": null
          }
        ]
      },
      {
        "name": "Loopback Pseudo-Interface 1",
        "is_up": true,
        "addresses": [
          {
            "family": "2",
            "address": "127.0.0.1",
            "netmask": "255.0.0.0",
            "broadcast": null
          },
          {
            "family": "23",
            "address": "::1",
            "netmask": null,
            "broadcast": null
          }
        ]
      }
    ]
  },
  {
    "timestamp": "2025-12-11T21:59:38.335560",
    "hostname": "DESKTOP-21CE2O1",
    "local_ip": "192.168.141.116",
    "public_ip": "92.92.129.98",
    "mac_address": "98:2c:bc:9c:a3:b9",
    "default_gateway": "Unknown",
    "dns_servers": [
      "192.168.141.30"
    ],
    "interfaces": [
      {
        "name": "Ethernet",
        "is_up": false,
        "addresses": [
          {
            "family": "-1",
            "address": "04-D4-C4-B0-F1-B2",
            "netmask": null,
            "broadcast": null
          },
          {
            "family": "2",
            "address": "169.254.237.166",
            "netmask": "255.255.0.0",
            "broadcast": null
          },
          {
            "family": "23",
            "address": "fe80::da4:f671:7c5:a0be",
            "netmask": null,
            "broadcast": null
          }
        ]
      },
      {
        "name": "Connexion au réseau local* 1",
        "is_up": false,
        "addresses": [
          {
            "family": "-1",
            "address": "98-2C-BC-9C-A3-B6",
            "netmask": null,
            "broadcast": null
          },
          {
            "family": "2",
            "address": "169.254.72.206",
            "netmask": "255.255.0.0",
            "broadcast": null
          },
          {
            "family": "23",
            "address": "fe80::182a:6ca5:da90:5b2a",
            "netmask": null,
            "broadcast": null
          }
        ]
      },
      {
        "name": "Connexion au réseau local* 2",
        "is_up": false,
        "addresses": [
          {
            "family": "-1",
            "address": "9A-2C-BC-9C-A3-B5",
            "netmask": null,
            "broadcast": null
          },
          {
            "family": "2",
            "address": "169.254.169.74",
            "netmask": "255.255.0.0",
            "broadcast": null
          },
          {
            "family": "23",
            "address": "fe80::a4e2:b7ac:ba5f:d51f",
            "netmask": null,
            "broadcast": null
          }
        ]
      },
      {
        "name": "VMware Network Adapter VMnet1",
        "is_up": true,
        "addresses": [
          {
            "family": "-1",
            "address": "00-50-56-C0-00-01",
            "netmask": null,
            "broadcast": null
          },
          {
            "family": "2",
            "address": "192.168.140.1",
            "netmask": "255.255.255.0",
            "broadcast": null
          },
          {
            "family": "23",
            "address": "fe80::8e63:e895:428d:f088",
            "netmask": null,
            "broadcast": null
          }
        ]
      },
      {
        "name": "VMware Network Adapter VMnet8",
        "is_up": true,
        "addresses": [
          {
            "family": "-1",
            "address": "00-50-56-C0-00-08",
            "netmask": null,
            "broadcast": null
          },
          {
            "family": "2",
            "address": "192.168.184.1",
            "netmask": "255.255.255.0",
            "broadcast": null
          },
          {
            "family": "23",
            "address": "fe80::9c9e:76d2:652c:db51",
            "netmask": null,
            "broadcast": null
          }
        ]
      },
      {
        "name": "Wi-Fi",
        "is_up": true,
        "addresses": [
          {
            "family": "-1",
            "address": "98-2C-BC-9C-A3-B5",
            "netmask": null,
            "broadcast": null
          },
          {
            "family": "2",
            "address": "192.168.141.116",
            "netmask": "255.255.255.0",
            "broadcast": null
          },
          {
            "family": "23",
            "address": "2a02:8440:350e:3597:1b56:fd9a:5542:8b0",
            "netmask": null,
            "broadcast": null
          },
          {
            "family": "23",
            "address": "2a02:8440:350e:3597:94df:dbc0:9907:cd65",
            "netmask": null,
            "broadcast": null
          },
          {
            "family": "23",
            "address": "fe80::a22c:7e55:e122:5f60",
            "netmask": null,
            "broadcast": null
          }
        ]
      },
      {
        "name": "Connexion réseau Bluetooth",
        "is_up": false,
        "addresses": [
          {
            "family": "-1",
            "address": "98-2C-BC-9C-A3-B9",
            "netmask": null,
            "broadcast": null
          },
          {
            "family": "2",
            "address": "169.254.206.102",
            "netmask": "255.255.0.0",
            "broadcast": null
          },
          {
            "family": "23",
            "address": "fe80::dad5:b00e:110a:62d5",
            "netmask": null,
            "broadcast": null
          }
        ]
      },
      {
        "name": "Loopback Pseudo-Interface 1",
        "is_up": true,
        "addresses": [
          {
            "family": "2",
            "address": "127.0.0.1",
            "netmask": "255.0.0.0",
            "broadcast": null
          },
          {
            "family": "23",
            "address": "::1",
            "netmask": null,
            "broadcast": null
          }
        ]
      }
    ]
  },
  {
    "timestamp": "2025-12-11T22:02:56.897033",
    "hostname": "DESKTOP-21CE2O1",
    "local_ip": "192.168.141.116",
    "public_ip": "92.92.129.98",
    "mac_address": "98:2c:bc:9c:a3:b9",
    "default_gateway": "Unknown",
    "dns_servers": [
      "192.168.141.30"
    ],
    "interfaces": [
      {
        "name": "Ethernet",
        "is_up": false,
        "addresses": [
          {
            "family": "-1",
            "address": "04-D4-C4-B0-F1-B2",
            "netmask": null,
            "broadcast": null
          },
          {
            "family": "2",
            "address": "169.254.237.166",
            "netmask": "255.255.0.0",
            "broadcast": null
          },
          {
            "family": "23",
            "address": "fe80::da4:f671:7c5:a0be",
            "netmask": null,
            "broadcast": null
          }
        ]
      },
      {
        "name": "Connexion au réseau local* 1",
        "is_up": false,
        "addresses": [
          {
            "family": "-1",
            "address": "98-2C-BC-9C-A3-B6",
            "netmask": null,
            "broadcast": null
          },
          {
            "family": "2",
            "address": "169.254.72.206",
            "netmask": "255.255.0.0",
            "broadcast": null
          },
          {
            "family": "23",
            "address": "fe80::182a:6ca5:da90:5b2a",
            "netmask": null,
            "broadcast": null
          }
        ]
      },
      {
        "name": "Connexion au réseau local* 2",
        "is_up": false,
        "addresses": [
          {
            "family": "-1",
            "address": "9A-2C-BC-9C-A3-B5",
            "netmask": null,
            "broadcast": null
          },
          {
            "family": "2",
            "address": "169.254.169.74",
            "netmask": "255.255.0.0",
            "broadcast": null
          },
          {
            "family": "23",
            "address": "fe80::a4e2:b7ac:ba5f:d51f",
            "netmask": null,
            "broadcast": null
          }
        ]
      },
      {
        "name": "VMware Network Adapter VMnet1",
        "is_up": true,
        "addresses": [
          {
            "family": "-1",
            "address": "00-50-56-C0-00-01",
            "netmask": null,
            "broadcast": null
          },
          {
            "family": "2",
            "address": "192.168.140.1",
            "netmask": "255.255.255.0",
            "broadcast": null
          },
          {
            "family": "23",
            "address": "fe80::8e63:e895:428d:f088",
            "netmask": null,
            "broadcast": null
          }
        ]
      },
      {
        "name": "VMware Network Adapter VMnet8",
        "is_up": true,
        "addresses": [
          {
            "family": "-1",
            "address": "00-50-56-C0-00-08",
            "netmask": null,
            "broadcast": null
          },
          {
            "family": "2",
            "address": "192.168.184.1",
            "netmask": "255.255.255.0",
            "broadcast": null
          },
          {
            "family": "23",
            "address": "fe80::9c9e:76d2:652c:db51",
            "netmask": null,
            "broadcast": null
          }
        ]
      },
      {
        "name": "Wi-Fi",
        "is_up": true,
        "addresses": [
          {
            "family": "-1",
            "address": "98-2C-BC-9C-A3-B5",
            "netmask": null,
            "broadcast": null
          },
          {
            "family": "2",
            "address": "192.168.141.116",
            "netmask": "255.255.255.0",
            "broadcast": null
          },
          {
            "family": "23",
            "address": "2a02:8440:350e:3597:1b56:fd9a:5542:8b0",
            "netmask": null,
            "broadcast": null
          },
          {
            "family": "23",
            "address": "2a02:8440:350e:3597:94df:dbc0:9907:cd65",
            "netmask": null,
            "broadcast": null
          },
          {
            "family": "23",
            "address": "fe80::a22c:7e55:e122:5f60",
            "netmask": null,
            "broadcast": null
          }
        ]
      },
      {
        "name": "Connexion réseau Bluetooth",
        "is_up": false,
        "addresses": [
          {
            "family": "-1",
            "address": "98-2C-BC-9C-A3-B9",
            "netmask": null,
            "broadcast": null
          },
          {
            "family": "2",
            "address": "169.254.206.102",
            "netmask": "255.255.0.0",
            "broadcast": null
          },
          {
            "family": "23",
            "address": "fe80::dad5:b00e:110a:62d5",
            "netmask": null,
            "broadcast": null
          }
        ]
      },
      {
        "name": "Loopback Pseudo-Interface 1",
        "is_up": true,
        "addresses": [
          {
            "family": "2",
            "address": "127.0.0.1",
            "netmask": "255.0.0.0",
            "broadcast": null
          },
          {
            "family": "23",
            "address": "::1",
            "netmask": null,
            "broadcast": null
          }
        ]
      }
    ]
  },
  {
    "timestamp": "2025-12-11T22:24:43.597167",
    "hostname": "DESKTOP-21CE2O1",
    "local_ip": "192.168.141.116",
    "public_ip": "92.92.129.98",
    "mac_address": "98:2c:bc:9c:a3:b9",
    "default_gateway": "Unknown",
    "dns_servers": [
      "192.168.141.30"
    ],
    "interfaces": [
      {
        "name": "Ethernet",
        "is_up": false,
        "addresses": [
          {
            "family": "-1",
            "address": "04-D4-C4-B0-F1-B2",
            "netmask": null,
            "broadcast": null
          },
          {
            "family": "2",
            "address": "169.254.237.166",
            "netmask": "255.255.0.0",
            "broadcast": null
          },
          {
            "family": "23",
            "address": "fe80::da4:f671:7c5:a0be",
            "netmask": null,
            "broadcast": null
          }
        ]
      },
      {
        "name": "Connexion au réseau local* 1",
        "is_up": false,
        "addresses": [
          {
            "family": "-1",
            "address": "98-2C-BC-9C-A3-B6",
            "netmask": null,
            "broadcast": null
          },
          {
            "family": "2",
            "address": "169.254.72.206",
            "netmask": "255.255.0.0",
            "broadcast": null
          },
          {
            "family": "23",
            "address": "fe80::182a:6ca5:da90:5b2a",
            "netmask": null,
            "broadcast": null
          }
        ]
      },
      {
        "name": "Connexion au réseau local* 2",
        "is_up": false,
        "addresses": [
          {
            "family": "-1",
            "address": "9A-2C-BC-9C-A3-B5",
            "netmask": null,
            "broadcast": null
          },
          {
            "family": "2",
            "address": "169.254.169.74",
            "netmask": "255.255.0.0",
            "broadcast": null
          },
          {
            "family": "23",
            "address": "fe80::a4e2:b7ac:ba5f:d51f",
            "netmask": null,
            "broadcast": null
          }
        ]
      },
      {
        "name": "VMware Network Adapter VMnet1",
        "is_up": true,
        "addresses": [
          {
            "family": "-1",
            "address": "00-50-56-C0-00-01",
            "netmask": null,
            "broadcast": null
          },
          {
            "family": "2",
            "address": "192.168.140.1",
            "netmask": "255.255.255.0",
            "broadcast": null
          },
          {
            "family": "23",
            "address": "fe80::8e63:e895:428d:f088",
            "netmask": null,
            "broadcast": null
          }
        ]
      },
      {
        "name": "VMware Network Adapter VMnet8",
        "is_up": true,
        "addresses": [
          {
            "family": "-1",
            "address": "00-50-56-C0-00-08",
            "netmask": null,
            "broadcast": null
          },
          {
            "family": "2",
            "address": "192.168.184.1",
            "netmask": "255.255.255.0",
            "broadcast": null
          },
          {
            "family": "23",
            "address": "fe80::9c9e:76d2:652c:db51",
            "netmask": null,
            "broadcast": null
          }
        ]
      },
      {
        "name": "Wi-Fi",
        "is_up": true,
        "addresses": [
          {
            "family": "-1",
            "address": "98-2C-BC-9C-A3-B5",
            "netmask": null,
            "broadcast": null
          },
          {
            "family": "2",
            "address": "192.168.141.116",
            "netmask": "255.255.255.0",
            "broadcast": null
          },
          {
            "family": "23",
            "address": "2a02:8440:350e:3597:1b56:fd9a:5542:8b0",
            "netmask": null,
            "broadcast": null
          },
          {
            "family": "23",
            "address": "2a02:8440:350e:3597:94df:dbc0:9907:cd65",
            "netmask": null,
            "broadcast": null
          },
          {
            "family": "23",
            "address": "fe80::a22c:7e55:e122:5f60",
            "netmask": null,
            "broadcast": null
          }
        ]
      },
      {
        "name": "Connexion réseau Bluetooth",
        "is_up": false,
        "addresses": [
          {
            "family": "-1",
            "address": "98-2C-BC-9C-A3-B9",
            "netmask": null,
            "broadcast": null
          },
          {
            "family": "2",
            "address": "169.254.206.102",
            "netmask": "255.255.0.0",
            "broadcast": null
          },
          {
            "family": "23",
            "address": "fe80::dad5:b00e:110a:62d5",
            "netmask": null,
            "broadcast": null
          }
        ]
      },
      {
        "name": "Loopback Pseudo-Interface 1",
        "is_up": true,
        "addresses": [
          {
            "family": "2",
            "address": "127.0.0.1",
            "netmask": "255.0.0.0",
            "broadcast": null
          },
          {
            "family": "23",
            "address": "::1",
            "netmask": null,
            "broadcast": null
          }
        ]
      }
    ]
  },
  {
    "timestamp": "2025-12-11T22:26:03.556445",
    "hostname": "DESKTOP-21CE2O1",
    "local_ip": "192.168.141.116",
    "public_ip": "92.92.129.98",
    "mac_address": "98:2c:bc:9c:a3:b9",
    "default_gateway": "Unknown",
    "dns_servers": [
      "192.168.141.30"
    ],
    "interfaces": [
      {
        "name": "Ethernet",
        "is_up": false,
        "addresses": [
          {
            "family": "-1",
            "address": "04-D4-C4-B0-F1-B2",
            "netmask": null,
            "broadcast": null
          },
          {
            "family": "2",
            "address": "169.254.237.166",
            "netmask": "255.255.0.0",
            "broadcast": null
          },
          {
            "family": "23",
            "address": "fe80::da4:f671:7c5:a0be",
            "netmask": null,
            "broadcast": null
          }
        ]
      },
      {
        "name": "Connexion au réseau local* 1",
        "is_up": false,
        "addresses": [
          {
            "family": "-1",
            "address": "98-2C-BC-9C-A3-B6",
            "netmask": null,
            "broadcast": null
          },
          {
            "family": "2",
            "address": "169.254.72.206",
            "netmask": "255.255.0.0",
            "broadcast": null
          },
          {
            "family": "23",
            "address": "fe80::182a:6ca5:da90:5b2a",
            "netmask": null,
            "broadcast": null
          }
        ]
      },
      {
        "name": "Connexion au réseau local* 2",
        "is_up": false,
        "addresses": [
          {
            "family": "-1",
            "address": "9A-2C-BC-9C-A3-B5",
            "netmask": null,
            "broadcast": null
          },
          {
            "family": "2",
            "address": "169.254.169.74",
            "netmask": "255.255.0.0",
            "broadcast": null
          },
          {
            "family": "23",
            "address": "fe80::a4e2:b7ac:ba5f:d51f",
            "netmask": null,
            "broadcast": null
          }
        ]
      },
      {
        "name": "VMware Network Adapter VMnet1",
        "is_up": true,
        "addresses": [
          {
            "family": "-1",
            "address": "00-50-56-C0-00-01",
            "netmask": null,
            "broadcast": null
          },
          {
            "family": "2",
            "address": "192.168.140.1",
            "netmask": "255.255.255.0",
            "broadcast": null
          },
          {
            "family": "23",
            "address": "fe80::8e63:e895:428d:f088",
            "netmask": null,
            "broadcast": null
          }
        ]
      },
      {
        "name": "VMware Network Adapter VMnet8",
        "is_up": true,
        "addresses": [
          {
            "family": "-1",
            "address": "00-50-56-C0-00-08",
            "netmask": null,
            "broadcast": null
          },
          {
            "family": "2",
            "address": "192.168.184.1",
            "netmask": "255.255.255.0",
            "broadcast": null
          },
          {
            "family": "23",
            "address": "fe80::9c9e:76d2:652c:db51",
            "netmask": null,
            "broadcast": null
          }
        ]
      },
      {
        "name": "Wi-Fi",
        "is_up": true,
        "addresses": [
          {
            "family": "-1",
            "address": "98-2C-BC-9C-A3-B5",
            "netmask": null,
            "broadcast": null
          },
          {
            "family": "2",
            "address": "192.168.141.116",
            "netmask": "255.255.255.0",
            "broadcast": null
          },
          {
            "family": "23",
            "address": "2a02:8440:350e:3597:1b56:fd9a:5542:8b0",
            "netmask": null,
            "broadcast": null
          },
          {
            "family": "23",
            "address": "2a02:8440:350e:3597:94df:dbc0:9907:cd65",
            "netmask": null,
            "broadcast": null
          },
          {
            "family": "23",
            "address": "fe80::a22c:7e55:e122:5f60",
            "netmask": null,
            "broadcast": null
          }
        ]
      },
      {
        "name": "Connexion réseau Bluetooth",
        "is_up": false,
        "addresses": [
          {
            "family": "-1",
            "address": "98-2C-BC-9C-A3-B9",
            "netmask": null,
            "broadcast": null
          },
          {
            "family": "2",
            "address": "169.254.206.102",
            "netmask": "255.255.0.0",
            "broadcast": null
          },
          {
            "family": "23",
            "address": "fe80::dad5:b00e:110a:62d5",
            "netmask": null,
            "broadcast": null
          }
        ]
      },
      {
        "name": "Loopback Pseudo-Interface 1",
        "is_up": true,
        "addresses": [
          {
            "family": "2",
            "address": "127.0.0.1",
            "netmask": "255.0.0.0",
            "broadcast": null
          },
          {
            "family": "23",
            "address": "::1",
            "netmask": null,
            "broadcast": null
          }
        ]
      }
    ]
  },
  {
    "timestamp": "2025-12-11T22:28:35.295208",
    "hostname": "DESKTOP-21CE2O1",
    "local_ip": "192.168.141.116",
    "public_ip": "92.92.129.98",
    "mac_address": "98:2c:bc:9c:a3:b9",
    "default_gateway": "Unknown",
    "dns_servers": [
      "192.168.141.30"
    ],
    "interfaces": [
      {
        "name": "Ethernet",
        "is_up": false,
        "addresses": [
          {
            "family": "-1",
            "address": "04-D4-C4-B0-F1-B2",
            "netmask": null,
            "broadcast": null
          },
          {
            "family": "2",
            "address": "169.254.237.166",
            "netmask": "255.255.0.0",
            "broadcast": null
          },
          {
            "family": "23",
            "address": "fe80::da4:f671:7c5:a0be",
            "netmask": null,
            "broadcast": null
          }
        ]
      },
      {
        "name": "Connexion au réseau local* 1",
        "is_up": false,
        "addresses": [
          {
            "family": "-1",
            "address": "98-2C-BC-9C-A3-B6",
            "netmask": null,
            "broadcast": null
          },
          {
            "family": "2",
            "address": "169.254.72.206",
            "netmask": "255.255.0.0",
            "broadcast": null
          },
          {
            "family": "23",
            "address": "fe80::182a:6ca5:da90:5b2a",
            "netmask": null,
            "broadcast": null
          }
        ]
      },
      {
        "name": "Connexion au réseau local* 2",
        "is_up": false,
        "addresses": [
          {
            "family": "-1",
            "address": "9A-2C-BC-9C-A3-B5",
            "netmask": null,
            "broadcast": null
          },
          {
            "family": "2",
            "address": "169.254.169.74",
            "netmask": "255.255.0.0",
            "broadcast": null
          },
          {
            "family": "23",
            "address": "fe80::a4e2:b7ac:ba5f:d51f",
            "netmask": null,
            "broadcast": null
          }
        ]
      },
      {
        "name": "VMware Network Adapter VMnet1",
        "is_up": true,
        "addresses": [
          {
            "family": "-1",
            "address": "00-50-56-C0-00-01",
            "netmask": null,
            "broadcast": null
          },
          {
            "family": "2",
            "address": "192.168.140.1",
            "netmask": "255.255.255.0",
            "broadcast": null
          },
          {
            "family": "23",
            "address": "fe80::8e63:e895:428d:f088",
            "netmask": null,
            "broadcast": null
          }
        ]
      },
      {
        "name": "VMware Network Adapter VMnet8",
        "is_up": true,
        "addresses": [
          {
            "family": "-1",
            "address": "00-50-56-C0-00-08",
            "netmask": null,
            "broadcast": null
          },
          {
            "family": "2",
            "address": "192.168.184.1",
            "netmask": "255.255.255.0",
            "broadcast": null
          },
          {
            "family": "23",
            "address": "fe80::9c9e:76d2:652c:db51",
            "netmask": null,
            "broadcast": null
          }
        ]
      },
      {
        "name": "Wi-Fi",
        "is_up": true,
        "addresses": [
          {
            "family": "-1",
            "address": "98-2C-BC-9C-A3-B5",
            "netmask": null,
            "broadcast": null
          },
          {
            "family": "2",
            "address": "192.168.141.116",
            "netmask": "255.255.255.0",
            "broadcast": null
          },
          {
            "family": "23",
            "address": "2a02:8440:350e:3597:1b56:fd9a:5542:8b0",
            "netmask": null,
            "broadcast": null
          },
          {
            "family": "23",
            "address": "2a02:8440:350e:3597:94df:dbc0:9907:cd65",
            "netmask": null,
            "broadcast": null
          },
          {
            "family": "23",
            "address": "fe80::a22c:7e55:e122:5f60",
            "netmask": null,
            "broadcast": null
          }
        ]
      },
      {
        "name": "Connexion réseau Bluetooth",
        "is_up": false,
        "addresses": [
          {
            "family": "-1",
            "address": "98-2C-BC-9C-A3-B9",
            "netmask": null,
            "broadcast": null
          },
          {
            "family": "2",
            "address": "169.254.206.102",
            "netmask": "255.255.0.0",
            "broadcast": null
          },
          {
            "family": "23",
            "address": "fe80::dad5:b00e:110a:62d5",
            "netmask": null,
            "broadcast": null
          }
        ]
      },
      {
        "name": "Loopback Pseudo-Interface 1",
        "is_up": true,
        "addresses": [
          {
            "family": "2",
            "address": "127.0.0.1",
            "netmask": "255.0.0.0",
            "broadcast": null
          },
          {
            "family": "23",
            "address": "::1",
            "netmask": null,
            "broadcast": null
          }
        ]
      }
    ]
  },
  {
    "timestamp": "2025-12-11T22:31:00.046285",
    "hostname": "DESKTOP-21CE2O1",
    "local_ip": "192.168.141.116",
    "public_ip": "92.92.129.98",
    "mac_address": "98:2c:bc:9c:a3:b9",
    "default_gateway": "Unknown",
    "dns_servers": [
      "192.168.141.30"
    ],
    "interfaces": [
      {
        "name": "Ethernet",
        "is_up": false,
        "addresses": [
          {
            "family": "-1",
            "address": "04-D4-C4-B0-F1-B2",
            "netmask": null,
            "broadcast": null
          },
          {
            "family": "2",
            "address": "169.254.237.166",
            "netmask": "255.255.0.0",
            "broadcast": null
          },
          {
            "family": "23",
            "address": "fe80::da4:f671:7c5:a0be",
            "netmask": null,
            "broadcast": null
          }
        ]
      },
      {
        "name": "Connexion au réseau local* 1",
        "is_up": false,
        "addresses": [
          {
            "family": "-1",
            "address": "98-2C-BC-9C-A3-B6",
            "netmask": null,
            "broadcast": null
          },
          {
            "family": "2",
            "address": "169.254.72.206",
            "netmask": "255.255.0.0",
            "broadcast": null
          },
          {
            "family": "23",
            "address": "fe80::182a:6ca5:da90:5b2a",
            "netmask": null,
            "broadcast": null
          }
        ]
      },
      {
        "name": "Connexion au réseau local* 2",
        "is_up": false,
        "addresses": [
          {
            "family": "-1",
            "address": "9A-2C-BC-9C-A3-B5",
            "netmask": null,
            "broadcast": null
          },
          {
            "family": "2",
            "address": "169.254.169.74",
            "netmask": "255.255.0.0",
            "broadcast": null
          },
          {
            "family": "23",
            "address": "fe80::a4e2:b7ac:ba5f:d51f",
            "netmask": null,
            "broadcast": null
          }
        ]
      },
      {
        "name": "VMware Network Adapter VMnet1",
        "is_up": true,
        "addresses": [
          {
            "family": "-1",
            "address": "00-50-56-C0-00-01",
            "netmask": null,
            "broadcast": null
          },
          {
            "family": "2",
            "address": "192.168.140.1",
            "netmask": "255.255.255.0",
            "broadcast": null
          },
          {
            "family": "23",
            "address": "fe80::8e63:e895:428d:f088",
            "netmask": null,
            "broadcast": null
          }
        ]
      },
      {
        "name": "VMware Network Adapter VMnet8",
        "is_up": true,
        "addresses": [
          {
            "family": "-1",
            "address": "00-50-56-C0-00-08",
            "netmask": null,
            "broadcast": null
          },
          {
            "family": "2",
            "address": "192.168.184.1",
            "netmask": "255.255.255.0",
            "broadcast": null
          },
          {
            "family": "23",
            "address": "fe80::9c9e:76d2:652c:db51",
            "netmask": null,
            "broadcast": null
          }
        ]
      },
      {
        "name": "Wi-Fi",
        "is_up": true,
        "addresses": [
          {
            "family": "-1",
            "address": "98-2C-BC-9C-A3-B5",
            "netmask": null,
            "broadcast": null
          },
          {
            "family": "2",
            "address": "192.168.141.116",
            "netmask": "255.255.255.0",
            "broadcast": null
          },
          {
            "family": "23",
            "address": "2a02:8440:350e:3597:1b56:fd9a:5542:8b0",
            "netmask": null,
            "broadcast": null
          },
          {
            "family": "23",
            "address": "2a02:8440:350e:3597:94df:dbc0:9907:cd65",
            "netmask": null,
            "broadcast": null
          },
          {
            "family": "23",
            "address": "fe80::a22c:7e55:e122:5f60",
            "netmask": null,
            "broadcast": null
          }
        ]
      },
      {
        "name": "Connexion réseau Bluetooth",
        "is_up": false,
        "addresses": [
          {
            "family": "-1",
            "address": "98-2C-BC-9C-A3-B9",
            "netmask": null,
            "broadcast": null
          },
          {
            "family": "2",
            "address": "169.254.206.102",
            "netmask": "255.255.0.0",
            "broadcast": null
          },
          {
            "family": "23",
            "address": "fe80::dad5:b00e:110a:62d5",
            "netmask": null,
            "broadcast": null
          }
        ]
      },
      {
        "name": "Loopback Pseudo-Interface 1",
        "is_up": true,
        "addresses": [
          {
            "family": "2",
            "address": "127.0.0.1",
            "netmask": "255.0.0.0",
            "broadcast": null
          },
          {
            "family": "23",
            "address": "::1",
            "netmask": null,
            "broadcast": null
          }
        ]
      }
    ]
  }
]